Category,FullName,ShortName,address,geometry
Поликлиника взрослая,Государственное бюджетное учреждение здравоохранения города Москвы «Консультативно-диагностический центр № 6 Департамента здравоохранения города Москвы»,ГБУЗ КДЦ № 6 ДЗМ,"Российская Федерация, город Москва, внутригородская территория муниципальный округ Дмитровский, Дмитровское шоссе, дом 107Г",POINT(37.54088018 55.878270841)
Поликлиника взрослая,Государственное бюджетное учреждение здравоохранения города Москвы «Городская поликлиника № 46 филиал № 4 Департамента здравоохранения города Москвы»,ГБУЗ ГП № 46 филиал № 4 ДЗМ,"Российская Федерация, город Москва, внутригородская территория муниципальный округ Лефортово, Таможенный проезд, дом 3, строение 1",POINT(37.682286593 55.751888047)
Поликлиника взрослая,Государственное бюджетное учреждение здравоохранения города Москвы «Поликлиника «Троицкая» Департамента здравоохранения города Москвы»,ГБУЗ Поликлиника «Троицкая» ДЗМ,"Российская Федерация, город Москва, внутригородская территория городской округ Троицк, город Троицк, Юбилейная улица, дом 5",POINT(37.3001012 55.472732847)
Поликлиника взрослая,Государственное бюджетное учреждение здравоохранения города Москвы «Городская поликлиника № 6 филиал № 5 Департамента здравоохранения города Москвы»,ГБУЗ ГП № 6 филиал № 5 ДЗМ,"Российская Федерация, город Москва, внутригородская территория муниципальный округ Савеловский, улица Юннатов, дом 12",POINT(37.560920426 55.800834415)
Поликлиника взрослая,Государственное бюджетное учреждение здравоохранения города Москвы «Городская поликлиника № 23 филиал № 4 Департамента здравоохранения города Москвы»,ГБУЗ ГП № 23 филиал № 4 ДЗМ,"Российская Федерация, город Москва, внутригородская территория муниципальный округ Некрасовка, 1-я Вольская улица, дом 3, корпус 1",POINT(37.916886732 55.683607375)
Поликлиника взрослая,Государственное бюджетное учреждение здравоохранения города Москвы «Городская поликлиника № 45 филиал № 6 Департамента здравоохранения города Москвы»,ГБУЗ ГП № 45 филиал № 6 ДЗМ,"Российская Федерация, город Москва, внутригородская территория муниципальный округ Молжаниновский, Синявинская улица, дом 1Б",POINT(37.351276958 55.946996144)
Поликлиника взрослая,Государственное бюджетное учреждение здравоохранения города Москвы «Консультативно-диагностическая поликлиника № 121 филиал № 4 Департамента здравоохранения города Москвы»,ГБУЗ КДП № 121 филиал № 4 ДЗМ,"город Москва, Изюмская улица, дом 37",POINT(37.56817344 55.550613009)
Поликлиника взрослая,Государственное бюджетное учреждение здравоохранения города Москвы «Городская поликлиника № 170 Департамента здравоохранения города Москвы»,ГБУЗ ГП № 170 ДЗМ,"Российская Федерация, город Москва, внутригородская территория муниципальный округ Чертаново Южное, улица Подольских Курсантов, дом 2, корпус 2",POINT(37.608759373 55.606066993)
Поликлиника взрослая,Государственное бюджетное учреждение здравоохранения города Москвы «Консультативно-диагностический центр № 6 филиал № 8 Департамента здравоохранения города Москвы»,ГБУЗ КДЦ № 6 филиал № 8 ДЗМ,"Российская Федерация, город Москва, внутригородская территория муниципальный округ Северный, Дмитровское шоссе, дом 165Д, корпус 7",POINT(37.541341097 55.923912715)
Поликлиника взрослая,Государственное бюджетное учреждение здравоохранения города Москвы «Городская поликлиника № 5 Департамента здравоохранения города Москвы»,ГБУЗ ГП № 5 ДЗМ,"Российская Федерация, город Москва, внутригородская территория муниципальный округ Красносельский, Даев переулок, дом 3, строение 1",POINT(37.634128272 55.770826006)
Поликлиника взрослая,Государственное бюджетное учреждение здравоохранения города Москвы «Городская поликлиника № 209 филиал № 2 Департамента здравоохранения города Москвы»,ГБУЗ ГП № 209 филиал № 2 ДЗМ,"Российская Федерация, город Москва, внутригородская территория муниципальный округ Раменки, Мосфильмовская улица, дом 29А",POINT(37.513490763 55.712271573)
Поликлиника взрослая,Государственное бюджетное учреждение здравоохранения города Москвы «Городская поликлиника № 218 филиал № 1 Департамента здравоохранения города Москвы»,ГБУЗ ГП № 218 филиал № 1 ДЗМ,"Российская Федерация, город Москва, внутригородская территория муниципальный округ Северное Медведково, Полярная улица, дом 28",POINT(37.640395231 55.881832944)
Поликлиника взрослая,Государственное бюджетное учреждение здравоохранения города Москвы «Городская поликлиника № 175 филиал № 3 Департамента здравоохранения города Москвы»,ГБУЗ ГП № 175 филиал № 3 ДЗМ,"Российская Федерация, город Москва, внутригородская территория муниципальный округ Измайлово, Сиреневый бульвар, дом 8",POINT(37.778444673 55.802000922)
Поликлиника взрослая,Государственное бюджетное учреждение здравоохранения города Москвы «Городская поликлиника № 12 Департамента здравоохранения города Москвы»,ГБУЗ ГП № 12 ДЗМ,"Российская Федерация, город Москва, внутригородская территория муниципальный округ Марфино, улица Академика Комарова, дом 5, корпус 1",POINT(37.595238227 55.829696683)
Поликлиника взрослая,Государственное бюджетное учреждение здравоохранения города Москвы «Поликлиника г. Московский филиал № 6 Департамента здравоохранения города Москвы»,ГБУЗ Поликлиника г. Московский филиал № 6 ДЗМ,"Российская Федерация, город Москва, внутригородская территория муниципальный округ Внуково, дачный посёлок Кокошкино, улица Дзержинского, дом 7",POINT(37.168699869 55.60408558)
Поликлиника взрослая,Государственное бюджетное учреждение здравоохранения города Москвы «Городская поликлиника № 134 филиал № 4 Департамента здравоохранения города Москвы»,ГБУЗ ГП № 134 филиал № 4 ДЗМ,"Российская Федерация, город Москва, внутригородская территория муниципальный округ Ясенево, Новоясеневский проспект, дом 30, корпус 2",POINT(37.535427654 55.603786186)
Поликлиника взрослая,Государственное бюджетное учреждение здравоохранения города Москвы «Научно-практический психоневрологический центр им. З.П. Соловьева филиал № 3 Департамента здравоохранения города Москвы»,ГБУЗ НПЦ им. З.П. Соловьева филиал № 3 ДЗМ,"Российская Федерация, город Москва, внутригородская территория муниципальный округ Покровское-Стрешнево, Волоколамское шоссе, дом 47, строение 5",POINT(37.465214773 55.81312448)
Поликлиника взрослая,Государственное бюджетное учреждение здравоохранения города Москвы «Городская поликлиника № 214 филиал № 1 Департамента здравоохранения города Москвы»,ГБУЗ ГП № 214 филиал № 1 ДЗМ,"Российская Федерация, город Москва, внутригородская территория муниципальный округ Зябликово, Ореховый бульвар, дом 35, корпус 2",POINT(37.735353192 55.61649896)
Поликлиника взрослая,Государственное бюджетное учреждение здравоохранения города Москвы «Городская поликлиника № 220 филиал № 1 Департамента здравоохранения города Москвы»,ГБУЗ ГП № 220 филиал № 1 ДЗМ,"Российская Федерация, город Москва, внутригородская территория муниципальный округ Пресненский, Шмитовский проезд, дом 25, строение 1",POINT(37.542939909 55.75625382)
Поликлиника взрослая,Государственное бюджетное учреждение здравоохранения города Москвы «Консультативно-диагностический центр № 2 филиал № 3 Департамента здравоохранения города Москвы»,ГБУЗ КДЦ № 2 филиал № 3 ДЗМ,"Российская Федерация, город Москва, внутригородская территория муниципальный округ Метрогородок, Открытое шоссе, дом 24, корпус 9",POINT(37.755901059 55.822737861)
Поликлиника взрослая,Государственное бюджетное учреждение здравоохранения города Москвы «Поликлиника «Щербинская» Департамента здравоохранения города Москвы»,ГБУЗ Поликлиника «Щербинская» ДЗМ,"Российская Федерация, город Москва, внутригородская территория муниципальный округ Щербинка, город Щербинка, Первомайская улица, дом 10, строение 1",POINT(37.570302773 55.504531643)
Поликлиника взрослая,Государственное бюджетное учреждение здравоохранения города Москвы «Городская поликлиника № 45 филиал № 4 Департамента здравоохранения города Москвы»,ГБУЗ ГП № 45 филиал № 4 ДЗМ,"Российская Федерация, город Москва, внутригородская территория муниципальный округ Войковский, 1-я Радиаторская улица, дом 5",POINT(37.494888337 55.818395393)
Поликлиника взрослая,Государственное бюджетное учреждение здравоохранения города Москвы «Городская поликлиника № 23 филиал № 5 Департамента здравоохранения города Москвы»,ГБУЗ ГП № 23 филиал № 5 ДЗМ,"город Москва, улица Недорубова, дом 2",POINT(37.929933887 55.698595856)
Поликлиника взрослая,Государственное бюджетное учреждение здравоохранения города Москвы «Консультативно-диагностический центр № 2 филиал № 2 Департамента здравоохранения города Москвы»,ГБУЗ КДЦ № 2 филиал № 2 ДЗМ,"Российская Федерация, город Москва, внутригородская территория муниципальный округ Преображенское, улица Хромова, дом 45",POINT(37.722916815 55.801212836)
Поликлиника взрослая,Государственное бюджетное учреждение здравоохранения города Москвы «Городская поликлиника № 8 филиал № 4 Департамента здравоохранения города Москвы»,ГБУЗ ГП № 8 филиал № 4 ДЗМ,"Российская Федерация, город Москва, внутригородская территория муниципальный округ Ломоносовский, улица Кравченко, дом 14",POINT(37.517829974 55.679123515)
Поликлиника взрослая,Государственное бюджетное учреждение здравоохранения города Москвы «Городская поликлиника № 52 филиал № 4 Департамента здравоохранения города Москвы»,ГБУЗ ГП № 52 филиал № 4 ДЗМ,"Российская Федерация, город Москва, внутригородская территория муниципальный округ Бирюлево Восточное, Элеваторная улица, дом 15",POINT(37.660448022 55.602762153)
Поликлиника взрослая,Государственное бюджетное учреждение здравоохранения города Москвы «Городская поликлиника № 6 филиал № 1 Департамента здравоохранения города Москвы»,ГБУЗ ГП № 6 филиал № 1ДЗМ,"Российская Федерация, город Москва, внутригородская территория муниципальный округ Савеловский, 1-я Квесисская улица, дом 8",POINT(37.581507882 55.794067601)
Поликлиника взрослая,Государственное бюджетное учреждение здравоохранения города Москвы «Городская поликлиника № 180 Департамента здравоохранения города Москвы»,ГБУЗ ГП № 180 ДЗМ,"Российская Федерация, город Москва, внутригородская территория муниципальный округ Митино, Уваровский переулок, дом 4",POINT(37.349189069 55.830682587)
Поликлиника взрослая,Государственное бюджетное учреждение здравоохранения города Москвы «Городская поликлиника № 109 филиал № 2 Департамента здравоохранения города Москвы»,ГБУЗ ГП № 109 филиал № 2 ДЗМ,"Российская Федерация, город Москва, внутригородская территория муниципальный округ Текстильщики, Грайвороновская улица, дом 18, корпус 1",POINT(37.735023483 55.719619218)
Поликлиника взрослая,Государственное бюджетное учреждение здравоохранения города Москвы «Городская поликлиника № 62 Департамента здравоохранения города Москвы»,ГБУЗ ГП № 62 ДЗМ,"Российская Федерация, город Москва, внутригородская территория муниципальный округ Аэропорт, Красноармейская улица, дом 18",POINT(37.544961294 55.80071613)
Поликлиника взрослая,Государственное бюджетное учреждение здравоохранения города Москвы «Городская поликлиника № 66 филиал № 1 Департамента здравоохранения города Москвы»,ГБУЗ ГП № 66 филиал № 1 ДЗМ,"Российская Федерация, город Москва, внутригородская территория муниципальный округ Косино-Ухтомский, улица Руднёвка, дом 8",POINT(37.890060144 55.715991976)
Поликлиника взрослая,Государственное бюджетное учреждение здравоохранения города Москвы «Поликлиника «Кузнечики» Департамента здравоохранения города Москвы. Рязановская,ГБУЗ Поликлиника «Кузнечики» ДЗМ. Рязановская,"Российская Федерация, город Москва, внутригородская территория муниципальный округ Щербинка, посёлок Фабрики имени 1 Мая, дом 31А",POINT(37.510324053 55.486003266)
Поликлиника взрослая,Государственное бюджетное учреждение здравоохранения города Москвы «Поликлиника «Кузнечики» Департамента здравоохранения города Москвы». ФАП МИНЗАГ,ГБУЗ Поликлиника «Кузнечики» ДЗМ. ФАП МИНЗАГ,"Российская Федерация, город Москва, внутригородская территория муниципальный округ Краснопахорский, посёлок Подсобного Хозяйства Минзаг, дом 1",POINT(37.32789225 55.444902939)
Поликлиника взрослая,Государственное бюджетное учреждение здравоохранения города Москвы «Поликлиника «Кузнечики» Департамента здравоохранения города Москвы. Михайлово-Ярцевская поликлиника,ГБУЗ Поликлиника «Кузнечики» ДЗМ. Михайлово Ярцевская поликлиника,"Российская Федерация, город Москва, внутригородская территория муниципальный округ Краснопахорский, посёлок Шишкин Лес, дом 32, строение 1",POINT(37.182173809 55.412745387)
Поликлиника взрослая,Государственное бюджетное учреждение здравоохранения города Москвы «Городская поликлиника № 170 филиал № 5 Департамента здравоохранения города Москвы»,ГБУЗ ГП № 170 филиал № 5 ДЗМ,"Российская Федерация, город Москва, внутригородская территория муниципальный округ Северное Бутово, Ратная улица, дом 8Г",POINT(37.58219217 55.574599164)
Поликлиника взрослая,Государственное бюджетное учреждение здравоохранения города Москвы «Городская поликлиника № 52 филиал № 1 Департамента здравоохранения города Москвы»,ГБУЗ ГП № 52 филиал № 1 ДЗМ,"город Москва, Ряжская улица, дом 13",POINT(37.668595856 55.590481106)
Поликлиника взрослая,Государственное бюджетное учреждение здравоохранения города Москвы «Городская поликлиника № 67 филиал № 7 Департамента здравоохранения города Москвы»,ГБУЗ ГП № 67 филиал № 7 ДЗМ,"Российская Федерация, город Москва, внутригородская территория муниципальный округ Академический, Большая Черёмушкинская улица, дом 6А",POINT(37.594241395 55.687557824)
Поликлиника взрослая,Государственное бюджетное учреждение здравоохранения города Москвы «Городская поликлиника № 134 филиал № 3 Департамента здравоохранения города Москвы»,ГБУЗ ГП № 134 филиал № 3 ДЗМ,"Российская Федерация, город Москва, внутригородская территория муниципальный округ Теплый Стан, улица Тёплый Стан, дом 13, корпус 2",POINT(37.48886455 55.623860151)
Поликлиника взрослая,Государственное бюджетное учреждение здравоохранения города Москвы «Городская поликлиника № 52 филиал № 2 Департамента здравоохранения города Москвы»,ГБУЗ ГП № 52 филиал № 2 ДЗМ,"Российская Федерация, город Москва, внутригородская территория муниципальный округ Бирюлево Западное, Булатниковский проезд, дом 8",POINT(37.653643768 55.590810881)
Поликлиника взрослая,Государственное бюджетное учреждение здравоохранения города Москвы «Городская поликлиника № 68 филиал № 4 Департамента здравоохранения города Москвы»,ГБУЗ ГП № 68 филиал № 4 ДЗМ,"Российская Федерация, город Москва, внутригородская территория муниципальный округ Хамовники, 1-й Зачатьевский переулок, дом 1",POINT(37.60506158 55.739319093)
Поликлиника взрослая,Государственное бюджетное учреждение здравоохранения города Москвы «Городская поликлиника № 109 филиал № 4 Департамента здравоохранения города Москвы»,ГБУЗ ГП № 109 филиал № 4 ДЗМ,"Российская Федерация, город Москва, внутригородская территория муниципальный округ Текстильщики, улица Шкулёва, дом 4, строение 7",POINT(37.748247234 55.693205555)
Поликлиника взрослая,Государственное бюджетное учреждение здравоохранения города Москвы «Городская поликлиника № 170 филиал № 1 Департамента здравоохранения города Москвы»,ГБУЗ ГП № 170 филиал № 1 ДЗМ,"город Москва, Чертановская улица, дом 62, корпус 1",POINT(37.587428005 55.599277613)
Поликлиника взрослая,Государственное бюджетное учреждение здравоохранения города Москвы «Городская поликлиника № 62 филиал № 5 Департамента здравоохранения города Москвы»,ГБУЗ ГП № 62 филиал № 5 ДЗМ,"Российская Федерация, город Москва, внутригородская территория муниципальный округ Аэропорт, Планетная улица, дом 37",POINT(37.54256425 55.804086977)
Поликлиника взрослая,Государственное бюджетное учреждение здравоохранения города Москвы «Поликлиника «Троицкая» филиал № 2 Департамента здравоохранения города Москвы»,ГБУЗ Поликлиника «Троицкая» филиал № 2 ДЗМ,"Российская Федерация, город Москва, внутригородская территория муниципальный округ Коммунарка, посёлок Коммунарка, Фитарёвская улица, дом 27, строение 1",POINT(37.476539975 55.563984044)
Поликлиника взрослая,Государственное бюджетное учреждение здравоохранения города Москвы «Городская поликлиника № 115 филиал № 4 Департамента здравоохранения города Москвы»,ГБУЗ ГП № 115 филиал № 4 ДЗМ,"город Москва, Пехотная улица, дом 3, строение 16",POINT(37.48577113 55.798550991)
Поликлиника взрослая,Государственное бюджетное учреждение здравоохранения города Москвы «Городская поликлиника № 107 филиал № 3 Департамента здравоохранения города Москвы»,ГБУЗ ГП № 107 филиал № 3 ДЗМ,"Российская Федерация, город Москва, внутригородская территория муниципальный округ Бабушкинский, Ленская улица, дом 21А",POINT(37.657294312 55.866936641)
Поликлиника взрослая,Государственное бюджетное учреждение здравоохранения города Москвы «Городская поликлиника № 2 филиал № 6 Департамента здравоохранения города Москвы»,ГБУЗ ГП № 2 филиал № 6 ДЗМ,"Российская Федерация, город Москва, внутригородская территория муниципальный округ Котловка, улица Ремизова, дом 6",POINT(37.597664093 55.677642884)
Поликлиника взрослая,Государственное бюджетное учреждение здравоохранения города Москвы «Клинико-диагностический центр № 4 Департамента здравоохранения города Москвы»,ГБУЗ КДЦ № 4 ДЗМ,"Российская Федерация, город Москва, внутригородская территория муниципальный округ Крылатское, улица Крылатские Холмы, дом 3",POINT(37.424326852 55.7478828)
Поликлиника взрослая,Государственное бюджетное учреждение здравоохранения города Москвы «Городская поликлиника № 219 филиал № 3 Департамента здравоохранения города Москвы»,ГБУЗ ГП № 219 филиал № 3 ДЗМ,"Российская Федерация, город Москва, внутригородская территория муниципальный округ Северное Тушино, Планерная улица, дом 8",POINT(37.435853853 55.861212304)
Поликлиника взрослая,Государственное бюджетное учреждение здравоохранения города Москвы «Городская поликлиника № 218 Департамента здравоохранения города Москвы»,ГБУЗ ГП № 218 ДЗМ,"город Москва, проезд Шокальского, дом 8, строение 1",POINT(37.646507388 55.874618487)
Поликлиника взрослая,Государственное бюджетное учреждение здравоохранения города Москвы «Городская поликлиника № 23 филиал № 1 Департамента здравоохранения города Москвы»,ГБУЗ ГП № 23 филиал № 1 ДЗМ,"Российская Федерация, город Москва, внутригородская территория муниципальный округ Выхино-Жулебино, Жулебинский бульвар, дом 8",POINT(37.848155701 55.699203471)
Поликлиника взрослая,Государственное бюджетное учреждение здравоохранения города Москвы «Городская поликлиника № 180 филиал № 3 Департамента здравоохранения города Москвы»,ГБУЗ ГП № 180 филиал № 3 ДЗМ,"город Москва, Пятницкое шоссе, дом 29, корпус 3, строение 1",POINT(37.361615871 55.84965691)
Поликлиника взрослая,Государственное бюджетное учреждение здравоохранения города Москвы «Городская поликлиника № 195 филиал № 3 Департамента здравоохранения города Москвы»,ГБУЗ ГП № 195 филиал № 3 ДЗМ,"Российская Федерация, город Москва, внутригородская территория муниципальный округ Кунцево, Молодогвардейская улица, дом 20, строение 1",POINT(37.421900682 55.73417827)
Поликлиника взрослая,Государственное бюджетное учреждение здравоохранения города Москвы «Городская поликлиника № 209 филиал № 1 Департамента здравоохранения города Москвы»,ГБУЗ ГП № 209 филиал № 1 ДЗМ,"Российская Федерация, город Москва, внутригородская территория муниципальный округ Фили-Давыдково, Кременчугская улица, дом 7, корпус 1",POINT(37.46243479 55.721612391)
Поликлиника взрослая,Государственное бюджетное учреждение здравоохранения города Москвы «Городская поликлиника № 69 Департамента здравоохранения города Москвы»,ГБУЗ ГП № 69 ДЗМ,"Российская Федерация, город Москва, внутригородская территория муниципальный округ Перово, 2-я Владимирская улица, дом 31А",POINT(37.785218604 55.75511163)
Поликлиника взрослая,Государственное бюджетное учреждение здравоохранения города Москвы «Городская поликлиника № 2 Департамента здравоохранения города Москвы»,ГБУЗ ГП № 2 ДЗМ,"Российская Федерация, город Москва, внутригородская территория муниципальный округ Нагорный, Фруктовая улица, дом 12",POINT(37.613891143 55.660111652)
Поликлиника взрослая,Государственное бюджетное учреждение здравоохранения города Москвы «Поликлиника г. Московский Департамента здравоохранения города Москвы». Фельдшерско-акушерский пункт Большепокровский,ГБУЗ Поликлиника г. Московский ДЗМ. ФАП Большепокровский,"Российская Федерация, город Москва, внутригородская территория муниципальный округ Филимонковский, деревня Большое Покровское, Лесная улица, дом 9",POINT(37.231807452 55.565308838)
Поликлиника взрослая,Государственное бюджетное учреждение здравоохранения города Москвы «Городская поликлиника № 109 Департамента здравоохранения города Москвы»,ГБУЗ ГП № 109 ДЗМ,"Российская Федерация, город Москва, внутригородская территория муниципальный округ Печатники, улица Гурьянова, дом 4, корпус 3",POINT(37.719891541 55.691903568)
Поликлиника взрослая,Государственное бюджетное учреждение здравоохранения города Москвы «Городская поликлиника № 170 филиал № 4 Департамента здравоохранения города Москвы»,ГБУЗ ГП № 170 филиал № 4 ДЗМ,"Российская Федерация, город Москва, внутригородская территория муниципальный округ Северное Бутово, Коктебельская улица, дом 6, строение 1",POINT(37.581268391 55.568033398)
Поликлиника взрослая,Государственное бюджетное учреждение здравоохранения города Москвы «Городская поликлиника № 191 филиал № 1 Департамента здравоохранения города Москвы»,ГБУЗ ГП № 191 филиал № 1 ДЗМ,"Российская Федерация, город Москва, внутригородская территория муниципальный округ Гольяново, Чусовская улица, дом 9",POINT(37.811282934 55.813596843)
Поликлиника взрослая,Государственное бюджетное учреждение здравоохранения города Москвы «Консультативно-диагностический центр № 2 Департамента здравоохранения города Москвы»,ГБУЗ КДЦ № 2 ДЗМ,"Российская Федерация, город Москва, внутригородская территория муниципальный округ Богородское, Игральная улица, дом 8",POINT(37.714231652 55.814742399)
Поликлиника взрослая,Государственное бюджетное учреждение здравоохранения города Москвы «Клинико-диагностический центр № 4 филиал № 5 Департамента здравоохранения города Москвы»,ГБУЗ КДЦ № 4 филиал № 5 ДЗМ,"Российская Федерация, город Москва, внутригородская территория муниципальный округ Можайский, Беловежская улица, дом 45",POINT(37.395372172 55.710076614)
Поликлиника взрослая,Государственное бюджетное учреждение здравоохранения города Москвы «Консультативно-диагностический центр № 2 филиал № 4 Департамента здравоохранения города Москвы»,ГБУЗ КДЦ № 2 филиал № 4 ДЗМ,"Российская Федерация, город Москва, внутригородская территория муниципальный округ Ростокино, улица Бажова, дом 11, корпус 3",POINT(37.657445604 55.825046817)
Поликлиника взрослая,Государственное бюджетное учреждение здравоохранения города Москвы «Городская поликлиника № 46 филиал № 2 Департамента здравоохранения города Москвы»,ГБУЗ ГП № 46 филиал № 2 ДЗМ,"город Москва, Иерусалимская улица, дом 4, строение 1",POINT(37.676124819 55.732971009)
Поликлиника взрослая,Государственное бюджетное учреждение здравоохранения города Москвы «Городская поликлиника № 220 Департамента здравоохранения города Москвы»,ГБУЗ ГП № 220 ДЗМ,"Российская Федерация, город Москва, внутригородская территория муниципальный округ Пресненский, улица Заморёнова, дом 27",POINT(37.567585197 55.760338087)
Поликлиника взрослая,Государственное бюджетное учреждение здравоохранения города Москвы «Городская поликлиника № 66 филиал № 2 Департамента здравоохранения города Москвы»,ГБУЗ ГП № 66 филиал № 2 ДЗМ,"город Москва, улица Молдагуловой, дом 10А",POINT(37.806866154 55.725855167)
Поликлиника взрослая,Государственное бюджетное учреждение здравоохранения города Москвы «Диагностический центр № 3 филиал № 1 Департамента здравоохранения города Москвы»,ГБУЗ ДЦ № 3 филиал № 1 ДЗМ,"Российская Федерация, город Москва, внутригородская территория муниципальный округ Рязанский, улица Михайлова, дом 33",POINT(37.776641007 55.72509686)
Поликлиника взрослая,Государственное бюджетное учреждение здравоохранения города Москвы «Городская поликлиника № 214 филиал № 2 Департамента здравоохранения города Москвы»,ГБУЗ ГП № 214 филиал № 2 ДЗМ,"город Москва, улица Генерала Белова, дом 19, корпус 2",POINT(37.720847329 55.61784129)
Поликлиника взрослая,Государственное бюджетное учреждение здравоохранения города Москвы «Диагностический центр № 3 филиал № 2 Департамента здравоохранения города Москвы»,ГБУЗ ДЦ № 3 филиал № 2 ДЗМ,"Российская Федерация, город Москва, внутригородская территория муниципальный округ Лефортово, Юрьевский переулок, дом 13",POINT(37.718636475 55.765349589)
Поликлиника взрослая,Государственное бюджетное учреждение здравоохранения города Москвы «Диагностический центр № 3 филиал № 5 Департамента здравоохранения города Москвы»,ГБУЗ ДЦ № 3 филиал № 5 ДЗМ,"Российская Федерация, город Москва, внутригородская территория муниципальный округ Нижегородский, улица Верхняя Хохловка, дом 2, строение 1",POINT(37.715501502 55.733484744)
Поликлиника взрослая,Государственное бюджетное учреждение здравоохранения города Москвы «Городская поликлиника № 2 филиал № 3 Департамента здравоохранения города Москвы»,ГБУЗ ГП № 2 филиал № 3 ДЗМ,"город Москва, Ялтинская улица, дом 10",POINT(37.609705592 55.648446988)
Поликлиника взрослая,Государственное бюджетное учреждение здравоохранения города Москвы «Городская поликлиника № 64 Департамента здравоохранения города Москвы»,ГБУЗ ГП № 64 ДЗМ,"Российская Федерация, город Москва, внутригородская территория муниципальный округ Соколиная Гора, Малая Семёновская улица, дом 13",POINT(37.71297981 55.785402351)
Поликлиника взрослая,Государственное бюджетное учреждение здравоохранения города Москвы «Городская поликлиника № 214 филиал № 3 Департамента здравоохранения города Москвы»,ГБУЗ ГП № 214 филиал № 3 ДЗМ,"Российская Федерация, город Москва, внутригородская территория муниципальный округ Братеево, улица Борисовские Пруды, дом 12, корпус 4",POINT(37.7424373 55.633777838)
Поликлиника взрослая,Государственное бюджетное учреждение здравоохранения города Москвы «Городская поликлиника № 67 филиал № 1 Департамента здравоохранения города Москвы»,ГБУЗ ГП № 67 филиал № 1 ДЗМ,"Российская Федерация, город Москва, внутригородская территория муниципальный округ Нагатино-Садовники, Высокая улица, дом 19",POINT(37.661373367 55.681396835)
Поликлиника взрослая,Государственное бюджетное учреждение здравоохранения города Москвы «Городская поликлиника № 218 филиал № 3 Департамента здравоохранения города Москвы»,ГБУЗ ГП № 218 филиал № 3 ДЗМ,"Российская Федерация, город Москва, внутригородская территория муниципальный округ Лосиноостровский, 1-я Напрудная улица, дом 15",POINT(37.692285242 55.879918305)
Поликлиника взрослая,Государственное бюджетное учреждение здравоохранения города Москвы «Научно-практический психоневрологический центр им. З.П. Соловьева филиал № 2 Департамента здравоохранения города Москвы»,ГБУЗ НПЦ им. З.П. Соловьева филиал № 2 ДЗМ,"Российская Федерация, город Москва, внутригородская территория муниципальный округ Красносельский, Пантелеевская улица, дом 10",POINT(37.644362282 55.782425997)
Поликлиника взрослая,Государственное бюджетное учреждение здравоохранения города Москвы «Городская поликлиника № 214 филиал № 4 Департамента здравоохранения города Москвы»,ГБУЗ ГП № 214 филиал № 4 ДЗМ,"Российская Федерация, город Москва, внутригородская территория муниципальный округ Братеево, Алма-Атинская улица, дом 3, корпус 3",POINT(37.772026582 55.642246999)
Поликлиника взрослая,Государственное бюджетное учреждение здравоохранения города Москвы «Городская поликлиника № 115 филиал № 1 Департамента здравоохранения города Москвы»,ГБУЗ ГП № 115 филиал № 1 ДЗМ,"Российская Федерация, город Москва, внутригородская территория муниципальный округ Щукино, улица Маршала Новикова, дом 14, корпус 1",POINT(37.462189503 55.805041083)
Поликлиника взрослая,Государственное бюджетное учреждение здравоохранения города Москвы «Городская поликлиника № 8 филиал № 2 Департамента здравоохранения города Москвы»,ГБУЗ ГП № 8 филиал № 2 ДЗМ,"Российская Федерация, город Москва, внутригородская территория муниципальный округ Тропарево-Никулино, улица 26-ти Бакинских Комиссаров, дом 10, корпус 5",POINT(37.491070522 55.662333972)
Поликлиника взрослая,Государственное бюджетное учреждение здравоохранения города Москвы «Консультативно-диагностический центр № 6 филиал № 7 Департамента здравоохранения города Москвы»,ГБУЗ КДЦ № 6 филиал № 7 ДЗМ,"Российская Федерация, город Москва, внутригородская территория муниципальный округ Лианозово, Псковская улица, дом 11, корпус 2",POINT(37.552334669 55.907474392)
Поликлиника взрослая,Государственное бюджетное учреждение здравоохранения города Москвы «Городская поликлиника № 12 филиал № 2 Департамента здравоохранения города Москвы»,ГБУЗ ГП № 12 филиал № 2 ДЗМ,"Российская Федерация, город Москва, внутригородская территория муниципальный округ Останкинский, улица Цандера, дом 9, строение 1",POINT(37.629970437 55.819268199)
Поликлиника взрослая,Государственное бюджетное учреждение здравоохранения города Москвы «Городская поликлиника № 69 филиал № 2 Департамента здравоохранения города Москвы»,ГБУЗ ГП № 69 филиал № 2 ДЗМ,"Российская Федерация, город Москва, внутригородская территория муниципальный округ Перово, улица Плющева, дом 20",POINT(37.760912253 55.740125204)
Поликлиника взрослая,Государственное бюджетное учреждение здравоохранения города Москвы «Городская поликлиника № 2 филиал № 2Департамента здравоохранения города Москвы»,ГБУЗ ГП № 2 филиал № 2 ДЗМ,"Российская Федерация, город Москва, внутригородская территория муниципальный округ Чертаново Центральное, Чертановская улица, дом 26",POINT(37.593118488 55.621132592)
Поликлиника взрослая,Государственное бюджетное учреждение здравоохранения города Москвы «Диагностический центр № 3 Департамента здравоохранения города Москвы»,ГБУЗ ДЦ № 3 ДЗМ,"Российская Федерация, город Москва, внутригородская территория муниципальный округ Выхино-Жулебино, Сормовская улица, дом 9",POINT(37.811637673 55.709186129)
Поликлиника взрослая,Государственное бюджетное учреждение здравоохранения города Москвы «Городская клиническая больница им. М.П. Кончаловского Департамента здравоохранения города Москвы» филиал Поликлиническое отделение № 4,ГБУЗ ГКБ им. М.П. Кончаловского ДЗМ филиал Поликлиническое отделение № 4,"Российская Федерация, город Москва, внутригородская территория муниципальный округ Крюково, город Зеленоград, корпус 1460, строение 1",POINT(37.163567245 55.984690055)
Поликлиника взрослая,Государственное бюджетное учреждение здравоохранения города Москвы «Городская поликлиника № 134 филиал № 2 Департамента здравоохранения города Москвы»,ГБУЗ ГП № 134 филиал № 2 ДЗМ,"Российская Федерация, город Москва, внутригородская территория муниципальный округ Теплый Стан, Профсоюзная улица, дом 154, корпус 4",POINT(37.50146038 55.622972323)
Поликлиника взрослая,Государственное бюджетное учреждение здравоохранения города Москвы «Поликлиника «Кузнечики» Департамента здравоохранения города Москвы. Амбулатория Щапово,ГБУЗ Поликлиника «Кузнечики» ДЗМ. Амбулатория Щапово,"Российская Федерация, город Москва, внутригородская территория муниципальный округ Краснопахорский, посёлок Курилово, Центральная улица, дом 2Б",POINT(37.40357029 55.417607628)
Поликлиника взрослая,Государственное бюджетное учреждение здравоохранения города Москвы «Городская поликлиника № 115 Департамента здравоохранения города Москвы»,ГБУЗ ГП № 115 ДЗМ,"Российская Федерация, город Москва, внутригородская территория муниципальный округ Строгино, улица Твардовского, дом 10, строение 5",POINT(37.395861882 55.794112618)
Поликлиника взрослая,Государственное бюджетное учреждение здравоохранения города Москвы «Городская поликлиника № 62 филиал № 4 Департамента здравоохранения города Москвы»,ГБУЗ ГП № 62 филиал № 4 ДЗМ,"Российская Федерация, город Москва, внутригородская территория муниципальный округ Беговой, Ленинградский проспект, дом 18А",POINT(37.577064648 55.782237913)
Поликлиника взрослая,Государственное бюджетное учреждение здравоохранения города Москвы «Диагностический клинический центр № 1 филиал № 5 Департамента здравоохранения города Москвы»,ГБУЗ ДКЦ № 1 филиал № 5 ДЗМ,"Российская Федерация, город Москва, внутригородская территория муниципальный округ Коньково, Профсоюзная улица, дом 111А",POINT(37.522514157 55.631660114)
Поликлиника взрослая,Государственное бюджетное учреждение здравоохранения города Москвы «Городская поликлиника № 191 филиал № 2 Департамента здравоохранения города Москвы»,ГБУЗ ГП № 191 филиал № 2 ДЗМ,"Российская Федерация, город Москва, внутригородская территория муниципальный округ Северное Измайлово, Сиреневый бульвар, дом 71А",POINT(37.826613325 55.805202368)
Поликлиника взрослая,Государственное бюджетное учреждение здравоохранения города Москвы «Городская клиническая больница им. В.В. Вересаева Департамента здравоохранения города Москвы» Поликлиническое отделение,ГБУЗ ГКБ им. В.В. Вересаева (Поликлиническое отделение) ДЗМ,"город Москва, Лобненская улица, дом 10",POINT(37.532654522 55.889762013)
Поликлиника взрослая,Государственное бюджетное учреждение здравоохранения города Москвы «Городская клиническая больница им. М.П. Кончаловского Департамента здравоохранения города Москвы» филиал Поликлиническое отделение № 1,ГБУЗ ГКБ им. М.П. Кончаловского ДЗМ филиал Поликлиническое отделение № 1,"Российская Федерация, город Москва, внутригородская территория муниципальный округ Савелки, город Зеленоград, Каштановая аллея, дом 2, строение 7",POINT(37.237677973 55.984598627)
Поликлиника взрослая,Государственное бюджетное учреждение здравоохранения города Москвы «Городская поликлиника № 66 филиал № 5 Департамента здравоохранения города Москвы»,ГБУЗ ГП № 66 филиал № 5 ДЗМ,"Российская Федерация, город Москва, внутригородская территория муниципальный округ Вешняки, улица Старый Гай, дом 5",POINT(37.83005064 55.738618063)
Поликлиника взрослая,Государственное бюджетное учреждение здравоохранения города Москвы «Городская поликлиника № 6 филиал № 4 Департамента здравоохранения города Москвы»,ГБУЗ ГП № 6 филиал № 4 ДЗМ,"Российская Федерация, город Москва, внутригородская территория муниципальный округ Тимирязевский, улица Немчинова, дом 14",POINT(37.564905542 55.823292109)
Поликлиника взрослая,Государственное бюджетное учреждение здравоохранения города Москвы «Городская поликлиника № 45 Департамента здравоохранения города Москвы»,ГБУЗ ГП № 45 ДЗМ,"Российская Федерация, город Москва, внутригородская территория муниципальный округ Войковский, 5-й Войковский проезд, дом 12",POINT(37.488453051 55.817790236)
Поликлиника взрослая,Государственное бюджетное учреждение здравоохранения города Москвы «Городская поликлиника № 52 филиал № 3 Департамента здравоохранения города Москвы»,ГБУЗ ГП № 52 филиал № 3 ДЗМ,"Российская Федерация, город Москва, внутригородская территория муниципальный округ Бирюлево Восточное, Лебедянская улица, дом 10",POINT(37.669243711 55.586231063)
Поликлиника взрослая,Государственное бюджетное учреждение здравоохранения города Москвы «Поликлиника г. Московский филиал № 4 Департамента здравоохранения города Москвы»,ГБУЗ Поликлиника г. Московский филиал № 4 ДЗМ,"Российская Федерация, город Москва, внутригородская территория муниципальный округ Филимонковский, посёлок Марьино, Светлый бульвар, дом 11",POINT(37.327945354 55.551057902)
Поликлиника взрослая,Государственное бюджетное учреждение здравоохранения города Москвы «Диагностический центр № 5 с поликлиническим отделением филиал № 3 Департамента здравоохранения города Москвы»,ГБУЗ ДЦ № 5 филиал № 3 ДЗМ,"Российская Федерация, город Москва, внутригородская территория муниципальный округ Бибирево, Шенкурский проезд, дом 8А",POINT(37.592658136 55.893459637)
Поликлиника взрослая,Государственное бюджетное учреждение здравоохранения города Москвы «Городская поликлиника № 8 Департамента здравоохранения города Москвы»,ГБУЗ ГП № 8 ДЗМ,"город Москва, улица Мичуринский Проспект, Олимпийская Деревня, дом 16, корпус 1",POINT(37.463893989 55.67120109)
Поликлиника взрослая,Государственное бюджетное учреждение здравоохранения города Москвы «Городская поликлиника № 22 Департамента здравоохранения города Москвы»,ГБУЗ ГП № 22 ДЗМ,"Российская Федерация, город Москва, внутригородская территория муниципальный округ Академический, улица Вавилова, дом 61А",POINT(37.560147326 55.688714725)
Поликлиника взрослая,Государственное бюджетное учреждение здравоохранения города Москвы «Диагностический центр № 5 с поликлиническим отделением Департамента здравоохранения города Москвы»,ГБУЗ ДЦ № 5 ДЗМ,"Российская Федерация, город Москва, внутригородская территория муниципальный округ Лианозово, Абрамцевская улица, дом 16, строение 1",POINT(37.574521818 55.901879676)
Поликлиника взрослая,Государственное бюджетное учреждение здравоохранения города Москвы «Диагностический центр № 5 с поликлиническим отделением филиал № 1 Департамента здравоохранения города Москвы»,ГБУЗ ДЦ № 5 филиал № 1 ДЗМ,"Российская Федерация, город Москва, внутригородская территория муниципальный округ Алтуфьевский, Инженерная улица, дом 3, строение 1",POINT(37.580641151 55.878359931)
Поликлиника взрослая,Государственное бюджетное учреждение здравоохранения города Москвы «Московский клинический научно-исследовательский центр Больница 52 Департамента здравоохранения города Москвы». Клинико-диагностическое отделение,ГБУЗ МКНИЦ Больница 52 ДЗМ. КДО,"город Москва, Пехотная улица, дом 3, строение 16",POINT(37.487914692 55.803372234)
Поликлиника взрослая,Государственное бюджетное учреждение здравоохранения города Москвы «Городская поликлиника № 36 филиал № 1 Департамента здравоохранения города Москвы»,ГБУЗ ГП № 36 филиал № 1 ДЗМ,"город Москва, Новочеркасский бульвар, дом 48",POINT(37.738984952 55.645075908)
Поликлиника взрослая,Государственное бюджетное учреждение здравоохранения города Москвы «Городская поликлиника № 12 филиал № 4 Департамента здравоохранения города Москвы»,ГБУЗ ГП № 12 филиал № 4 ДЗМ,"Российская Федерация, город Москва, внутригородская территория муниципальный округ Бутырский, улица Яблочкова, дом 3А, строение 1",POINT(37.579682484 55.814244896)
Поликлиника взрослая,Государственное бюджетное учреждение здравоохранения города Москвы «Городская поликлиника № 175 филиал № 1 Департамента здравоохранения города Москвы»,ГБУЗ ГП № 175 филиал № 1 ДЗМ,"Российская Федерация, город Москва, внутригородская территория муниципальный округ Ивановское, Челябинская улица, дом 16, корпус 2",POINT(37.829138894 55.776179395)
Поликлиника взрослая,Государственное бюджетное учреждение здравоохранения города Москвы «Поликлиника г. Московский филиал № 7 Департамента здравоохранения города Москвы»,ГБУЗ Поликлиника г. Московский филиал № 7 ДЗМ,"Российская Федерация, город Москва, внутригородская территория муниципальный округ Внуково, Насосная улица, дом 1А, строение 1",POINT(37.297888733 55.615784576)
Поликлиника взрослая,Государственное бюджетное учреждение здравоохранения города Москвы «Поликлиника «Кузнечики» Департамента здравоохранения города Москвы. Амбулатория Кленово,ГБУЗ Поликлиника «Кузнечики» ДЗМ. Амбулатория Кленово,"Российская Федерация, город Москва, внутригородская территория муниципальный округ Вороново, село Кленово, улица Мичурина, дом 5",POINT(37.348637829 55.325664488)
Поликлиника взрослая,Государственное бюджетное учреждение здравоохранения города Москвы «Поликлиника «Троицкая» филиал № 3 Департамента здравоохранения города Москвы»,ГБУЗ Поликлиника «Троицкая» филиал № 3 ДЗМ,"Российская Федерация, город Москва, внутригородская территория муниципальный округ Коммунарка, посёлок Воскресенское, дом 37Б",POINT(37.457110456 55.523765336)
Поликлиника взрослая,Государственное бюджетное учреждение здравоохранения города Москвы «Городская поликлиника № 180 филиал № 1 Департамента здравоохранения города Москвы»,ГБУЗ ГП № 180 филиал № 1 ДЗМ,"Российская Федерация, город Москва, внутригородская территория муниципальный округ Строгино, улица Кулакова, дом 23",POINT(37.393831863 55.803243025)
Поликлиника взрослая,Государственное бюджетное учреждение здравоохранения города Москвы «Поликлиника г. Московский филиал № 8 Департамента здравоохранения города Москвы»,ГБУЗ Поликлиника г. Московский филиал № 8 ДЗМ,"Российская Федерация, город Москва, внутригородская территория муниципальный округ Внуково, улица Лётчика Грицевца, дом 14",POINT(37.313243956 55.624683904)
Поликлиника взрослая,Государственное бюджетное учреждение здравоохранения города Москвы «Городская поликлиника № 64 филиал № 3 Департамента здравоохранения города Москвы»,ГБУЗ ГП № 64 филиал № 3 ДЗМ,"Российская Федерация, город Москва, внутригородская территория муниципальный округ Красносельский, Верхняя Красносельская улица, дом 21, строение 1",POINT(37.665261832 55.780869295)
Поликлиника взрослая,Государственное бюджетное учреждение здравоохранения города Москвы «Городская поликлиника № 52 Департамента здравоохранения города Москвы»,ГБУЗ ГП № 52 ДЗМ,"Российская Федерация, город Москва, внутригородская территория муниципальный округ Бирюлево Западное, Медынская улица, дом 7, корпус 1",POINT(37.649139065 55.584562856)
Поликлиника взрослая,Государственное бюджетное учреждение здравоохранения города Москвы «Городская поликлиника № 6 филиал № 3 Департамента здравоохранения города Москвы»,ГБУЗ ГП № 6 филиал № 3 ДЗМ,"город Москва, 3-й Новомихалковский проезд, дом 3А, строение 1",POINT(37.542422878 55.839667691)
Поликлиника взрослая,Государственное бюджетное учреждение здравоохранения города Москвы «Консультативно-диагностическая поликлиника № 121 филиал № 5 Департамента здравоохранения города Москвы»,ГБУЗ КДП № 121 филиал № 5 ДЗМ,"Российская Федерация, город Москва, внутригородская территория муниципальный округ Щербинка, улица Брусилова, дом 15, корпус 2",POINT(37.581668127 55.503112836)
Поликлиника взрослая,Государственное бюджетное учреждение здравоохранения города Москвы «Диагностический клинический центр № 1 Департамента здравоохранения города Москвы»,ГБУЗ ДКЦ № 1 ДЗМ,"Российская Федерация, город Москва, внутригородская территория муниципальный округ Коньково, улица Миклухо-Маклая, дом 29, корпус 2, строение 2",POINT(37.51785898 55.647674496)
Поликлиника взрослая,Государственное бюджетное учреждение здравоохранения города Москвы «Поликлиника «Кузнечики» Департамента здравоохранения города Москвы. Амбулатория Красная Пахра,ГБУЗ Поликлиника «Кузнечики» ДЗМ. Амбулатория Красная Пахра,"Российская Федерация, город Москва, внутригородская территория муниципальный округ Краснопахорский, село Красная Пахра, Заводская улица, дом 17",POINT(37.275195322 55.431199188)
Поликлиника взрослая,Государственное бюджетное учреждение здравоохранения города Москвы «Городская поликлиника № 166 филиал № 3 Департамента здравоохранения города Москвы»,ГБУЗ ГП № 166 филиал № 3 ДЗМ,"Российская Федерация, город Москва, внутригородская территория муниципальный округ Орехово-Борисово Южное, Домодедовская улица, дом 29, корпус 1",POINT(37.714518928 55.603925043)
Поликлиника взрослая,Государственное бюджетное учреждение здравоохранения города Москвы «Поликлиника «Троицкая» Департамента здравоохранения города Москвы». Рудневская амбулатория,ГБУЗ Поликлиника «Троицкая» ДЗМ. Рудневская амбулатория,"Российская Федерация, город Москва, внутригородская территория муниципальный округ Бекасово, деревня Яковлевское, дом 32",POINT(36.941831381 55.464884452)
Поликлиника взрослая,Государственное бюджетное учреждение здравоохранения города Москвы «Городская поликлиника № 175 филиал № 2 Департамента здравоохранения города Москвы»,ГБУЗ ГП № 175 филиал № 2 ДЗМ,"Российская Федерация, город Москва, внутригородская территория муниципальный округ Измайлово, Сиреневый бульвар, дом 30",POINT(37.802120863 55.802360336)
Поликлиника взрослая,Государственное бюджетное учреждение здравоохранения города Москвы «Городская поликлиника № 166 филиал № 5 Департамента здравоохранения города Москвы»,ГБУЗ ГП № 166 филиал № 5 ДЗМ,"Российская Федерация, город Москва, внутригородская территория муниципальный округ Москворечье-Сабурово, улица Кошкина, дом 21",POINT(37.673676582 55.638744043)
Поликлиника взрослая,Государственное бюджетное учреждение здравоохранения города Москвы «Городская поликлиника № 219 Департамента здравоохранения города Москвы»,ГБУЗ ГП № 219 ДЗМ,"город Москва, бульвар Яна Райниса, дом 47",POINT(37.405638158 55.849520154)
Поликлиника взрослая,Государственное бюджетное учреждение здравоохранения города Москвы «Городская поликлиника № 22 филиал №4 Департамента здравоохранения города Москвы»,ГБУЗ ГП № 22 филиал № 4 ДЗМ,"Российская Федерация, город Москва, внутригородская территория муниципальный округ Обручевский, улица Архитектора Власова, дом 31",POINT(37.544907633 55.671643619)
Поликлиника взрослая,Государственное бюджетное учреждение здравоохранения города Москвы «Поликлиника г. Московский Департамента здравоохранения города Москвы»,ГБУЗ Поликлиника г. Московский ДЗМ,"Российская Федерация, город Москва, внутригородская территория муниципальный округ Филимонковский, город Московский, 3-й микрорайон, дом 7",POINT(37.34577969 55.596961919)
Поликлиника взрослая,Государственное бюджетное учреждение здравоохранения города Москвы «Поликлиника «Кузнечики» Департамента здравоохранения города Москвы». ФАП Былово,ГБУЗ Поликлиника «Кузнечики» ДЗМ. ФАП Былово,"Российская Федерация, город Москва, внутригородская территория муниципальный округ Краснопахорский, село Былово, дом 1Б, строение 1",POINT(37.242608049 55.447989199)
Поликлиника взрослая,Государственное бюджетное учреждение здравоохранения города Москвы «Городская поликлиника № 220 филиал № 2 Департамента здравоохранения города Москвы»,ГБУЗ ГП № 220 филиал № 2 ДЗМ,"Российская Федерация, город Москва, внутригородская территория муниципальный округ Дорогомилово, Поклонная улица, дом 8, корпус 3",POINT(37.529470282 55.737392627)
Поликлиника взрослая,Государственное бюджетное учреждение здравоохранения города Москвы «Городская поликлиника № 166 филиал № 2 Департамента здравоохранения города Москвы»,ГБУЗ ГП № 166 филиал № 2 ДЗМ,"город Москва, Кавказский бульвар, дом 45",POINT(37.65044608 55.627623886)
Поликлиника взрослая,Государственное бюджетное учреждение здравоохранения города Москвы «Городская поликлиника № 212 филиал № 194 Департамента здравоохранения города Москвы»,ГБУЗ ГП № 212 филиал № 194 ДЗМ,"Российская Федерация, город Москва, внутригородская территория муниципальный округ Солнцево, Солнцевский проспект, дом 8",POINT(37.40007083 55.651883237)
Поликлиника взрослая,Государственное бюджетное учреждение здравоохранения города Москвы «Городская поликлиника № 5 филиал № 2 Департамента здравоохранения города Москвы»,ГБУЗ ГП № 5 филиал № 2 ДЗМ,"Российская Федерация, город Москва, внутригородская территория муниципальный округ Тверской, Горлов тупик, дом 4",POINT(37.592605356 55.785864682)
Поликлиника взрослая,Государственное бюджетное учреждение здравоохранения города Москвы «Клинико-диагностический центр № 4 филиал № 1 Департамента здравоохранения города Москвы»,ГБУЗ КДЦ № 4 филиал № 1 ДЗМ,"Российская Федерация, город Москва, внутригородская территория муниципальный округ Можайский, Можайское шоссе, дом 14, строение 4",POINT(37.431506477 55.721243283)
Поликлиника взрослая,Государственное бюджетное учреждение здравоохранения города Москвы «Поликлиника «Троицкая» Департамента здравоохранения города Москвы». Амбулатория «Рогово»,ГБУЗ Поликлиника «Троицкая» ДЗМ. Амбулатория Рогово,"Российская Федерация, город Москва, внутригородская территория муниципальный округ Вороново, посёлок Рогово, Школьная улица, дом 8А",POINT(37.073239163 55.212969531)
Поликлиника взрослая,Государственное бюджетное учреждение здравоохранения города Москвы «Городская поликлиника № 166 филиал № 4 Департамента здравоохранения города Москвы»,ГБУЗ ГП № 166 филиал № 4 ДЗМ,"Российская Федерация, город Москва, внутригородская территория муниципальный округ Москворечье-Сабурово, улица Кошкина, дом 21",POINT(37.673624271 55.638784301)
Поликлиника взрослая,Государственное бюджетное учреждение здравоохранения города Москвы «Городская поликлиника № 67 Департамента здравоохранения города Москвы»,ГБУЗ ГП № 67 ДЗМ,"Российская Федерация, город Москва, внутригородская территория муниципальный округ Донской, Варшавское шоссе, дом 19, строение 3",POINT(37.62302359 55.696381346)
Поликлиника взрослая,Государственное бюджетное учреждение здравоохранения города Москвы «Городская поликлиника № 67 филиал № 3 Департамента здравоохранения города Москвы»,ГБУЗ ГП № 67 филиал № 3 ДЗМ,"Российская Федерация, город Москва, внутригородская территория муниципальный округ Даниловский, Автозаводская улица, дом 23, строение 177",POINT(37.655137015 55.695694782)
Поликлиника взрослая,Государственное бюджетное учреждение здравоохранения города Москвы «Городская поликлиника № 68 Департамента здравоохранения города Москвы»,ГБУЗ ГП № 68 ДЗМ,"Российская Федерация, город Москва, внутригородская территория муниципальный округ Якиманка, улица Малая Якиманка, дом 22, строение 1",POINT(37.616410695 55.737985717)
Поликлиника взрослая,Государственное бюджетное учреждение здравоохранения города Москвы «Диагностический центр № 3 филиал № 7 Департамента здравоохранения города Москвы»,ГБУЗ ДЦ № 3 филиал № 7 ДЗМ,"Российская Федерация, город Москва, внутригородская территория муниципальный округ Кузьминки, Есенинский бульвар, дом 9, корпус 1",POINT(37.77950737 55.701225034)
Поликлиника взрослая,Государственное бюджетное учреждение здравоохранения города Москвы «Диагностический клинический центр № 1 филиал № 6 Департамента здравоохранения города Москвы»,ГБУЗ ДКЦ № 1 филиал № 6 ДЗМ,"Российская Федерация, город Москва, внутригородская территория муниципальный округ Обручевский, улица Новаторов, дом 5",POINT(37.526670716 55.663529879)
Поликлиника взрослая,Государственное бюджетное учреждение здравоохранения города Москвы «Городская поликлиника № 107 филиал № 1 Департамента здравоохранения города Москвы»,ГБУЗ ГП № 107 филиал № 1 ДЗМ,"Российская Федерация, город Москва, внутригородская территория муниципальный округ Свиблово, Уржумская улица, дом 4А",POINT(37.661991702 55.85212588)
Поликлиника взрослая,Государственное бюджетное учреждение здравоохранения города Москвы «Городская поликлиника № 8 филиал № 1 Департамента здравоохранения города Москвы»,ГБУЗ ГП № 8 филиал № 1 ДЗМ,"Российская Федерация, город Москва, внутригородская территория муниципальный округ Проспект Вернадского, проспект Вернадского, дом 30",POINT(37.499226931 55.676119008)
Поликлиника взрослая,Государственное бюджетное учреждение здравоохранения города Москвы «Городская поликлиника № 45 филиал № 1 Департамента здравоохранения города Москвы»,ГБУЗ ГП № 45 филиал № 1 ДЗМ,"Российская Федерация, город Москва, внутригородская территория муниципальный округ Головинский, Пулковская улица, дом 8, строение 1",POINT(37.488565995 55.845166678)
Поликлиника взрослая,Государственное бюджетное учреждение здравоохранения города Москвы «Консультативно-диагностический центра № 6 филиал № 3 Департамента здравоохранения города Москвы»,ГБУЗ КДЦ № 6 филиал № 3 ДЗМ,"город Москва, Дубнинская улица, дом 40, корпус 2",POINT(37.560783455 55.889338054)
Поликлиника взрослая,Государственное бюджетное учреждение здравоохранения города Москвы «Поликлиника «Кузнечики» Департамента здравоохранения города Москвы»,ГБУЗ Поликлиника «Кузнечики» ДЗМ,"Российская Федерация, город Москва, внутригородская территория муниципальный округ Краснопахорский, посёлок Шишкин Лес, дом 32, строение 1",POINT(37.182618133 55.413001252)
Поликлиника взрослая,Государственное бюджетное учреждение здравоохранения города Москвы «Городская поликлиника № 170 филиал № 3 Департамента здравоохранения города Москвы»,ГБУЗ ГП № 170 филиал № 3 ДЗМ,"Российская Федерация, город Москва, внутригородская территория муниципальный округ Чертаново Южное, улица Газопровод, дом 11",POINT(37.608764018 55.589948876)
Поликлиника взрослая,Государственное бюджетное учреждение здравоохранения города Москвы «Городская поликлиника № 212 филиал № 6 Департамента здравоохранения города Москвы»,ГБУЗ ГП № 212 филиал № 6 ДЗМ,"Российская Федерация, город Москва, внутригородская территория муниципальный округ Солнцево, улица Юлиана Семёнова, дом 2",POINT(37.401511927 55.642869246)
Поликлиника взрослая,Государственное бюджетное учреждение здравоохранения города Москвы «Городская поликлиника № 109 филиал № 6 Департамента здравоохранения города Москвы»,ГБУЗ ГП № 109 филиал № 6 ДЗМ,"Российская Федерация, город Москва, внутригородская территория муниципальный округ Люблино, Краснодарская улица, дом 63",POINT(37.771415403 55.676800835)
Поликлиника взрослая,Государственное бюджетное учреждение здравоохранения города Москвы «Консультативно-диагностическая поликлиника № 121 Департамента здравоохранения города Москвы»,ГБУЗ КДП № 121 ДЗМ,"Российская Федерация, город Москва, внутригородская территория муниципальный округ Южное Бутово, Южнобутовская улица, дом 87",POINT(37.52359641 55.534609328)
Поликлиника взрослая,Государственное бюджетное учреждение здравоохранения города Москвы «Городская поликлиника №175 Департамента здравоохранения города Москвы»,ГБУЗ ГП № 175 ДЗМ,"Российская Федерация, город Москва, внутригородская территория муниципальный округ Измайлово, Измайловский проспект, дом 63",POINT(37.786118862 55.788770159)
Поликлиника взрослая,Государственное бюджетное учреждение здравоохранения города Москвы «Городская поликлиника № 68 филиал № 5 Департамента здравоохранения города Москвы»,ГБУЗ ГП № 68 филиал № 5 ДЗМ,"Российская Федерация, город Москва, внутригородская территория муниципальный округ Арбат, Большой Николопесковский переулок, дом 4, строение 1",POINT(37.590776089 55.750312916)
Поликлиника взрослая,Государственное бюджетное учреждение здравоохранения города Москвы «Городская поликлиника № 107 филиал № 4 Департамента здравоохранения города Москвы»,ГБУЗ ГП № 107 филиал № 4 ДЗМ,"Российская Федерация, город Москва, внутригородская территория муниципальный округ Отрадное, улица Пестеля, дом 6А",POINT(37.618174993 55.864552692)
Поликлиника взрослая,Государственное бюджетное учреждение здравоохранения города Москвы «Городская поликлиника № 175 филиал № 4 Департамента здравоохранения города Москвы»,ГБУЗ ГП № 175 филиал № 4 ДЗМ,"Российская Федерация, город Москва, внутригородская территория муниципальный округ Восточное Измайлово, Измайловский проспект, дом 91А",POINT(37.807875364 55.78952266)
Поликлиника взрослая,Государственное бюджетное учреждение здравоохранения города Москвы «Городская поликлиника № 195 Департамента здравоохранения города Москвы»,ГБУЗ ГП № 195 ДЗМ,"Российская Федерация, город Москва, внутригородская территория муниципальный округ Крылатское, улица Крылатские Холмы, дом 51",POINT(37.412016709 55.763763168)
Поликлиника взрослая,Государственное бюджетное учреждение здравоохранения города Москвы «Городская поликлиника № 115 филиал № 5 Департамента здравоохранения города Москвы»,ГБУЗ ГП № 115 филиал № 5 ДЗМ,"Российская Федерация, город Москва, внутригородская территория муниципальный округ Строгино, улица Исаковского, дом 16, корпус 2",POINT(37.407380028 55.81142927)
Поликлиника взрослая,Государственное бюджетное учреждение здравоохранения города Москвы «Поликлиника г. Московский филиал № 3 Департамента здравоохранения города Москвы»,ГБУЗ Поликлиника г. Московский филиал № 3 ДЗМ,"Российская Федерация, город Москва, внутригородская территория муниципальный округ Коммунарка, посёлок Коммунарка, Фитарёвская улица, дом 27, строение 1",POINT(37.476572454 55.564002747)
Поликлиника взрослая,Государственное бюджетное учреждение здравоохранения города Москвы «Городская поликлиника № 219 филиал № 5 Департамента здравоохранения города Москвы»,ГБУЗ ГП № 219 филиал № 5 ДЗМ,"Российская Федерация, город Москва, внутригородская территория муниципальный округ Покровское-Стрешнево, улица Долгова, дом 1, корпус 4",POINT(37.455753215 55.829711074)
Поликлиника взрослая,Государственное бюджетное учреждение здравоохранения города Москвы «Диагностический центр № 5 с поликлиническим отделением филиал № 2 Департамента здравоохранения города Москвы»,ГБУЗ ДЦ № 5 филиал № 2 ДЗМ,"Российская Федерация, город Москва, внутригородская территория муниципальный округ Бибирево, Мурановская улица, дом 10А, строение 1",POINT(37.604482504 55.89396343)
Поликлиника взрослая,Государственное бюджетное учреждение здравоохранения города Москвы «Городская поликлиника № 66 филиал № 4 Департамента здравоохранения города Москвы»,ГБУЗ ГП № 66 филиал № 4 ДЗМ,"Российская Федерация, город Москва, внутригородская территория муниципальный округ Новокосино, Новокосинская улица, дом 42",POINT(37.875021679 55.742635672)
Поликлиника взрослая,Государственное бюджетное учреждение здравоохранения города Москвы «Диагностический центр № 3 филиал № 4 Департамента здравоохранения города Москвы»,ГБУЗ ДЦ № 3 филиал № 4 ДЗМ,"Российская Федерация, город Москва, внутригородская территория муниципальный округ Рязанский, Волжский бульвар, дом 9",POINT(37.746273725 55.71586889)
Поликлиника взрослая,Государственное бюджетное учреждение здравоохранения города Москвы «Городская поликлиника № 220 филиал № 3 Департамента здравоохранения города Москвы»,ГБУЗ ГП № 220 филиал № 3 ДЗМ,"Российская Федерация, город Москва, внутригородская территория муниципальный округ Пресненский, Расторгуевский переулок, дом 3",POINT(37.566382365 55.765274259)
Поликлиника взрослая,Государственное бюджетное учреждение здравоохранения города Москвы «Городская поликлиника № 214 Департамента здравоохранения города Москвы»,ГБУЗ ГП № 214 ДЗМ,"Российская Федерация, город Москва, внутригородская территория муниципальный округ Орехово-Борисово Южное, Елецкая улица, дом 14",POINT(37.732226964 55.607203327)
Поликлиника взрослая,Государственное бюджетное учреждение здравоохранения города Москвы «Городская поликлиника № 22 филиал № 3 Департамента здравоохранения города Москвы»,ГБУЗ ГП № 22 филиал № 3 ДЗМ,"Российская Федерация, город Москва, внутригородская территория муниципальный округ Академический, улица Кедрова, дом 24",POINT(37.576646212 55.681846228)
Поликлиника взрослая,Государственное бюджетное учреждение здравоохранения города Москвы «Городская поликлиника № 67 филиал № 4 Департамента здравоохранения города Москвы»,ГБУЗ ГП № 67 филиал № 4 ДЗМ,"Российская Федерация, город Москва, внутригородская территория муниципальный округ Нагатинский Затон, улица Речников, дом 5",POINT(37.695173103 55.686042164)
Поликлиника взрослая,Государственное бюджетное учреждение здравоохранения города Москвы «Городская поликлиника № 8 филиал № 3 Департамента здравоохранения города Москвы»,ГБУЗ ГП № 8 филиал № 3 ДЗМ,"Российская Федерация, город Москва, внутригородская территория муниципальный округ Очаково-Матвеевское, Большая Очаковская улица, дом 38",POINT(37.448921506 55.678249276)
Поликлиника взрослая,Государственное бюджетное учреждение здравоохранения города Москвы «Городская поликлиника № 5 филиал № 4 Департамента здравоохранения города Москвы»,ГБУЗ ГП № 5 филиал № 4 ДЗМ,"Российская Федерация, город Москва, внутригородская территория муниципальный округ Мещанский, Протопоповский переулок, дом 19, строение 15",POINT(37.638211547 55.781060744)
Поликлиника взрослая,Государственное бюджетное учреждение здравоохранения города Москвы «Городская поликлиника № 209 филиал № 3 Департамента здравоохранения города Москвы»,ГБУЗ ГП № 209 филиал № 3 ДЗМ,"Российская Федерация, город Москва, внутригородская территория муниципальный округ Очаково-Матвеевское, Веерная улица, дом 34",POINT(37.478650096 55.712389531)
Поликлиника взрослая,Государственное бюджетное учреждение здравоохранения города Москвы «Диагностический центр № 5 с поликлиническим отделением филиал № 7 Департамента здравоохранения города Москвы»,ГБУЗ ДЦ № 5 филиал № 7 ДЗМ,"город Москва, улица Грекова, дом 12",POINT(37.662972817 55.889308332)
Поликлиника взрослая,Государственное бюджетное учреждение здравоохранения города Москвы «Городская поликлиника № 23 Департамента здравоохранения города Москвы»,ГБУЗ ГП № 23 ДЗМ,"Российская Федерация, город Москва, внутригородская территория муниципальный округ Выхино-Жулебино, улица Авиаконструктора Миля, дом 6, корпус 1",POINT(37.851913135 55.685208592)
Поликлиника взрослая,Государственное бюджетное учреждение здравоохранения города Москвы «Диагностический клинический центр № 1 филиал № 2 Департамента здравоохранения города Москвы»,ГБУЗ ДКЦ № 1 филиал № 2 ДЗМ,"Российская Федерация, город Москва, внутригородская территория муниципальный округ Коньково, улица Введенского, дом 14А",POINT(37.541143751 55.643226109)
Поликлиника взрослая,Государственное бюджетное учреждение здравоохранения города Москвы «Городская поликлиника № 107 филиал № 2 Департамента здравоохранения города Москвы»,ГБУЗ ГП № 107 филиал № 2 ДЗМ,"Российская Федерация, город Москва, внутригородская территория муниципальный округ Отрадное, улица Бестужевых, дом 15",POINT(37.605179721 55.870842474)
Поликлиника взрослая,Государственное бюджетное учреждение здравоохранения города Москвы «Городская поликлиника № 12 филиал № 5 Департамента здравоохранения города Москвы»,ГБУЗ ГП № 12 филиал № 5 ДЗМ,"Российская Федерация, город Москва, внутригородская территория муниципальный округ Марьина Роща, 9-й проезд Марьиной Рощи, дом 8А, строение 1",POINT(37.611996557 55.801605054)
Поликлиника взрослая,Государственное бюджетное учреждение здравоохранения города Москвы «Консультативно-диагностическая поликлиника № 121 филиал № 2 Департамента здравоохранения города Москвы»,ГБУЗ КДП № 121 филиал № 2 ДЗМ,"Российская Федерация, город Москва, внутригородская территория муниципальный округ Южное Бутово, Венёвская улица, дом 27",POINT(37.553356962 55.542415976)
Поликлиника взрослая,Государственное бюджетное учреждение здравоохранения города Москвы «Городская поликлиника № 62 филиал № 1 Департамента здравоохранения города Москвы»,ГБУЗ ГП № 62 филиал № 1 ДЗМ,"Российская Федерация, город Москва, внутригородская территория муниципальный округ Сокол, Чапаевский переулок, дом 4",POINT(37.519485512 55.801704781)
Поликлиника взрослая,Государственное бюджетное учреждение здравоохранения города Москвы «Городская поликлиника № 107 Департамента здравоохранения города Москвы»,ГБУЗ ГП № 107 ДЗМ,"город Москва, улица Декабристов, дом 24",POINT(37.607985015 55.861489975)
Поликлиника взрослая,Государственное бюджетное учреждение здравоохранения города Москвы «Городская поликлиника № 22 филиал № 1 Департамента здравоохранения города Москвы»,ГБУЗ ГП № 22 филиал № 1 ДЗМ,"Российская Федерация, город Москва, внутригородская территория муниципальный округ Черемушки, улица Цюрупы, дом 30/63",POINT(37.565885331 55.667543834)
Поликлиника взрослая,Государственное бюджетное учреждение здравоохранения города Москвы «Поликлиника «Кузнечики» Департамента здравоохранения города Москвы». Рязановская поликлиника,ГБУЗ Поликлиника «Кузнечики» ДЗМ. Рязановская поликлиника,"Российская Федерация, город Москва, внутригородская территория муниципальный округ Щербинка, посёлок Знамя Октября, дом 5А",POINT(37.536722996 55.474197654)
Поликлиника взрослая,Государственное бюджетное учреждение здравоохранения города Москвы «Городская поликлиника № 220 филиал № 4 Департамента здравоохранения города Москвы»,ГБУЗ ГП № 220 филиал № 4 ДЗМ,"Российская Федерация, город Москва, внутригородская территория муниципальный округ Филевский Парк, Филёвский бульвар, дом 18",POINT(37.478989355 55.763903576)
Поликлиника взрослая,Государственное бюджетное учреждение здравоохранения города Москвы «Диагностический клинический центр № 1 филиал № 4 Департамента здравоохранения города Москвы»,ГБУЗ ДКЦ № 1 филиал № 4 ДЗМ,"Российская Федерация, город Москва, внутригородская территория муниципальный округ Теплый Стан, улица Академика Бакулева, дом 18",POINT(37.477021264 55.640897789)
Поликлиника взрослая,Государственное бюджетное учреждение здравоохранения города Москвы «Городская поликлиника № 6 филиал № 2 Департамента здравоохранения города Москвы»,ГБУЗ ГП № 6 филиал № 2 ДЗМ,"Российская Федерация, город Москва, внутригородская территория муниципальный округ Коптево, 3-й Михалковский переулок, дом 22",POINT(37.524990425 55.836584718)
Поликлиника взрослая,Государственное бюджетное учреждение здравоохранения города Москвы «Клинико-диагностический центр № 4 филиал № 4 Департамента здравоохранения города Москвы»,ГБУЗ КДЦ № 4 филиал № 4 ДЗМ,"Российская Федерация, город Москва, внутригородская территория муниципальный округ Фили-Давыдково, Кастанаевская улица, дом 47",POINT(37.463183857 55.732331059)
Поликлиника взрослая,Государственное бюджетное учреждение здравоохранения города Москвы «Городская поликлиника № 195 филиал № 1 Департамента здравоохранения города Москвы»,ГБУЗ ГП № 195 филиал № 1 ДЗМ,"Российская Федерация, город Москва, внутригородская территория муниципальный округ Кунцево, посёлок Рублёво, Советская улица, дом 2",POINT(37.352610384 55.784270675)
Поликлиника взрослая,Государственное бюджетное учреждение здравоохранения города Москвы «Городская поликлиника № 5 филиал № 6 Департамента здравоохранения города Москвы»,ГБУЗ ГП № 5 филиал № 6 ДЗМ,"Российская Федерация, город Москва, внутригородская территория муниципальный округ Пресненский, Ермолаевский переулок, дом 22-26, строение 2",POINT(37.594464126 55.766075453)
Поликлиника взрослая,Государственное бюджетное учреждение здравоохранения города Москвы «Городская поликлиника № 46 Департамента здравоохранения города Москвы»,ГБУЗ ГП № 46 ДЗМ,"Российская Федерация, город Москва, внутригородская территория муниципальный округ Таганский, Рабочая улица, дом 34, строение 1",POINT(37.685397582 55.741659695)
Поликлиника взрослая,Государственное бюджетное учреждение здравоохранения города Москвы «Городская поликлиника № 62 филиал № 3 Департамента здравоохранения города Москвы»,ГБУЗ ГП № 62 филиал № 3 ДЗМ,"город Москва, улица Куусинена, дом 6Б",POINT(37.519860089 55.783841978)
Поликлиника взрослая,Государственное бюджетное учреждение здравоохранения города Москвы «Городская поликлиника № 134 Департамента здравоохранения города Москвы»,ГБУЗ ГП № 134 ДЗМ,"Российская Федерация, город Москва, внутригородская территория муниципальный округ Ясенево, Новоясеневский проспект, дом 24, корпус 2",POINT(37.529724021 55.605145942)
Поликлиника взрослая,Государственное бюджетное учреждение здравоохранения города Москвы «Городская поликлиника № 219 филиал № 2 Департамента здравоохранения города Москвы»,ГБУЗ ГП № 219 филиал № 2 ДЗМ,"Российская Федерация, город Москва, внутригородская территория муниципальный округ Северное Тушино, бульвар Яна Райниса, дом 4",POINT(37.431047518 55.85134454)
Поликлиника взрослая,Государственное бюджетное учреждение здравоохранения города Москвы «Поликлиника «Кузнечики» Департамента здравоохранения города Москвы. Рязановская поликлиника (врачебный участок),ГБУЗ Поликлиника «Кузнечики» ДЗМ. Рязановская поликлиника (врачебный участок),"Российская Федерация, город Москва, внутригородская территория муниципальный округ Щербинка, посёлок Фабрики имени 1 Мая, квартал Частный сектор, дом 6",POINT(37.502214533 55.488210596)
Поликлиника взрослая,Государственное бюджетное учреждение здравоохранения города Москвы «Городская поликлиника № 2 филиал № 4 Департамента здравоохранения города Москвы»,ГБУЗ ГП № 2 филиал № 4 ДЗМ,"Российская Федерация, город Москва, внутригородская территория муниципальный округ Чертаново Северное, микрорайон Северное Чертаново, корпус 805",POINT(37.59328514 55.633235185)
Поликлиника взрослая,Государственное бюджетное учреждение здравоохранения города Москвы «Городская поликлиника № 191 филиал № 5 Департамента здравоохранения города Москвы»,ГБУЗ ГП № 191 филиал № 5 ДЗМ,"Российская Федерация, город Москва, внутригородская территория муниципальный округ Восточный, Западная улица, дом 2",POINT(37.857956748 55.818363753)
Поликлиника взрослая,Государственное бюджетное учреждение здравоохранения города Москвы «Городская поликлиника № 109 филиал № 1 Департамента здравоохранения города Москвы»,ГБУЗ ГП № 109 филиал № 1 ДЗМ,"Российская Федерация, город Москва, внутригородская территория муниципальный округ Печатники, Шоссейная улица, дом 41",POINT(37.724640191 55.677919937)
Поликлиника взрослая,Государственное бюджетное учреждение здравоохранения города Москвы «Диагностический клинический центр № 1 филиал № 1 Департамента здравоохранения города Москвы»,ГБУЗ ДКЦ № 1 филиал № 1 ДЗМ,"Российская Федерация, город Москва, внутригородская территория муниципальный округ Зюзино, улица Каховка, дом 12А",POINT(37.579337239 55.654621395)
Поликлиника взрослая,Государственное бюджетное учреждение здравоохранения города Москвы «Городская клиническая больница им. М.П. Кончаловского Департамента здравоохранения города Москвы» филиал Поликлиническое отделение № 3,ГБУЗ ГКБ им. М.П. Кончаловского ДЗМ филиал Поликлиническое отделение № 3,"Российская Федерация, город Москва, внутригородская территория муниципальный округ Матушкино, город Зеленоград, корпус 225, строение 1",POINT(37.204548731 56.001007409)
Поликлиника взрослая,Государственное бюджетное учреждение здравоохранения города Москвы «Городская поликлиника № 66 Департамента здравоохранения города Москвы»,ГБУЗ ГП № 66 ДЗМ,"Российская Федерация, город Москва, внутригородская территория муниципальный округ Новокосино, Салтыковская улица, дом 11Б",POINT(37.862348697 55.734725656)
Поликлиника взрослая,Государственное бюджетное учреждение здравоохранения города Москвы «Городская поликлиника № 68 филиал № 1 Департамента здравоохранения города Москвы»,ГБУЗ ГП № 68 филиал № 1 ДЗМ,"Российская Федерация, город Москва, внутригородская территория муниципальный округ Замоскворечье, Большой Строченовский переулок, дом 23",POINT(37.632662199 55.727115632)
Поликлиника взрослая,Государственное бюджетное учреждение здравоохранения города Москвы «Консультативно-диагностический центр № 2 филиал № 1 Департамента здравоохранения города Москвы»,ГБУЗ КДЦ № 2 филиал № 1 ДЗМ,"Российская Федерация, город Москва, внутригородская территория муниципальный округ Богородское, Игральная улица, дом 8",POINT(37.714265342 55.814787203)
Поликлиника взрослая,Государственное бюджетное учреждение здравоохранения города Москвы «Городская поликлиника № 134 филиал № 1 Департамента здравоохранения города Москвы»,ГБУЗ ГП № 134 филиал № 1 ДЗМ,"Российская Федерация, город Москва, внутригородская территория муниципальный округ Ясенево, Тарусская улица, дом 6, корпус 1",POINT(37.534682572 55.610638937)
Поликлиника взрослая,Государственное бюджетное учреждение здравоохранения города Москвы «Городская поликлиника № 36 Департамента здравоохранения города Москвы»,ГБУЗ ГП № 36 ДЗМ,"Российская Федерация, город Москва, внутригородская территория муниципальный округ Марьино, Новомарьинская улица, дом 2",POINT(37.747205217 55.650621638)
Поликлиника взрослая,Государственное бюджетное учреждение здравоохранения города Москвы «Городская поликлиника № 64 филиал № 2 Департамента здравоохранения города Москвы»,ГБУЗ ГП № 64 филиал № 2 ДЗМ,"Российская Федерация, город Москва, внутригородская территория муниципальный округ Басманный, Ладожская улица, дом 4-6, строение 1",POINT(37.681319079 55.77122921)
Поликлиника взрослая,Государственное бюджетное учреждение здравоохранения города Москвы «Городская клиническая больница им. М.П. Кончаловского Департамента здравоохранения города Москвы» филиал Поликлиническое отделение № 5,ГБУЗ ГКБ им. М.П. Кончаловского ДЗМ филиал Поликлиническое отделение № 5,"Российская Федерация, город Москва, внутригородская территория муниципальный округ Старое Крюково, город Зеленоград, корпус 911",POINT(37.184019103 55.985352048)
Поликлиника взрослая,Государственное бюджетное учреждение здравоохранения города Москвы «Диагностический центр № 3 филиал № 8 Департамента здравоохранения города Москвы»,ГБУЗ ДЦ № 3 филиал № 8 ДЗМ,"Российская Федерация, город Москва, внутригородская территория муниципальный округ Кузьминки, улица Фёдора Полетаева, дом 6",POINT(37.775685132 55.71441341)
Поликлиника взрослая,Государственное бюджетное учреждение здравоохранения города Москвы «Поликлиника г. Московский филиал № 1 Департамента здравоохранения города Москвы»,ГБУЗ Поликлиника г. Московский филиал № 1 ДЗМ,"Российская Федерация, город Москва, внутригородская территория муниципальный округ Внуково, деревня Марушкино, улица Липовая Аллея, дом 5",POINT(37.208083207 55.595710616)
Поликлиника взрослая,Государственное бюджетное учреждение здравоохранения города Москвы «Городская поликлиника № 23 филиал № 2 Департамента здравоохранения города Москвы»,ГБУЗ ГП № 23 филиал № 2 ДЗМ,"Российская Федерация, город Москва, внутригородская территория муниципальный округ Выхино-Жулебино, Ташкентская улица, дом 25, корпус 2, строение 1",POINT(37.810170877 55.699372364)
Поликлиника взрослая,Государственное бюджетное учреждение здравоохранения города Москвы «Городская поликлиника № 209 Департамента здравоохранения города Москвы»,ГБУЗ ГП № 209 ДЗМ,"Российская Федерация, город Москва, внутригородская территория муниципальный округ Раменки, улица Раменки, дом 29",POINT(37.491066546 55.688904634)
Поликлиника взрослая,Государственное бюджетное учреждение здравоохранения города Москвы «Поликлиника «Кузнечики» Департамента здравоохранения города Москвы. Амбулатория Остафьево,ГБУЗ Поликлиника «Кузнечики» ДЗМ. Амбулатория Остафьево,"Российская Федерация, город Москва, внутригородская территория муниципальный округ Щербинка, посёлок Остафьево, дом 31",POINT(37.485440766 55.500568713)
Поликлиника взрослая,Государственное бюджетное учреждение здравоохранения города Москвы «Диагностический центр № 3 филиал № 6 Департамента здравоохранения города Москвы»,ГБУЗ ДЦ № 3 филиал № 6 ДЗМ,"Российская Федерация, город Москва, внутригородская территория муниципальный округ Нижегородский, 3-я Карачаровская улица, дом 11",POINT(37.751231208 55.735182771)
Поликлиника взрослая,Государственное бюджетное учреждение здравоохранения города Москвы «Городская поликлиника № 68 филиал № 3 Департамента здравоохранения города Москвы»,ГБУЗ ГП № 68 филиал № 3 ДЗМ,"Российская Федерация, город Москва, внутригородская территория муниципальный округ Хамовники, Фрунзенская набережная, дом 38/1",POINT(37.584248258 55.72094818)
Поликлиника взрослая,Государственное бюджетное учреждение здравоохранения города Москвы «Поликлиника «Троицкая» филиал № 6 Департамента здравоохранения города Москвы»,ГБУЗ Поликлиника «Троицкая» филиал № 6 ДЗМ,"Российская Федерация, город Москва, внутригородская территория муниципальный округ Коммунарка, посёлок Коммунарка, улица Александры Монаховой, дом 84А",POINT(37.485976818 55.545605674)
Поликлиника взрослая,Государственное бюджетное учреждение здравоохранения города Москвы «Городская поликлиника № 212 Департамента здравоохранения города Москвы»,ГБУЗ ГП № 212 ДЗМ,"Российская Федерация, город Москва, внутригородская территория муниципальный округ Солнцево, Солнцевский проспект, дом 11А",POINT(37.404168917 55.648475247)
Поликлиника взрослая,Государственное бюджетное учреждение здравоохранения города Москвы «Клинико-диагностический центр № 4 филиал № 2 Департамента здравоохранения города Москвы»,ГБУЗ КДЦ № 4 филиал № 2 ДЗМ,"Российская Федерация, город Москва, внутригородская территория муниципальный округ Филевский Парк, Физкультурный проезд, дом 6",POINT(37.501739748 55.751397746)
Поликлиника взрослая,Государственное бюджетное учреждение здравоохранения города Москвы «Городская поликлиника № 69 филиал № 1 Департамента здравоохранения города Москвы»,ГБУЗ ГП № 69 филиал № 1 ДЗМ,"Российская Федерация, город Москва, внутригородская территория муниципальный округ Новогиреево, Федеративный проспект, дом 31",POINT(37.823468798 55.754136018)
Поликлиника взрослая,Государственное бюджетное учреждение здравоохранения города Москвы «Городская поликлиника № 180 филиал № 4 Департамента здравоохранения города Москвы»,ГБУЗ ГП № 180 филиал № 4 ДЗМ,"Российская Федерация, город Москва, внутригородская территория муниципальный округ Митино, Дубравная улица, дом 41",POINT(37.356946233 55.842257862)
Поликлиника взрослая,Государственное бюджетное учреждение здравоохранения города Москвы «Консультативно-диагностическая поликлиника № 121 филиал № 3 Департамента здравоохранения города Москвы»,ГБУЗ КДП № 121 филиал № 3 ДЗМ,"Российская Федерация, город Москва, внутригородская территория муниципальный округ Южное Бутово, 2-я Мелитопольская улица, дом 13",POINT(37.577153633 55.537000896)
Поликлиника взрослая,Государственное бюджетное учреждение здравоохранения города Москвы «Консультативно-диагностическая поликлиника № 121 филиал № 1 Департамента здравоохранения города Москвы»,ГБУЗ КДП № 121 филиал № 1 ДЗМ,"город Москва, Плавский проезд, дом 3",POINT(37.534695501 55.548994955)
Поликлиника взрослая,Государственное бюджетное учреждение здравоохранения города Москвы «Городская клиническая больница им. М.П. Кончаловского Департамента здравоохранения города Москвы» филиал Поликлиническое отделение № 2,ГБУЗ ГКБ им. М.П. Кончаловского ДЗМ филиал Поликлиническое отделение № 2,"Российская Федерация, город Москва, внутригородская территория муниципальный округ Крюково, город Зеленоград, корпус 2042",POINT(37.173483386 55.971056125)
Поликлиника взрослая,Государственное бюджетное учреждение здравоохранения города Москвы «Городская поликлиника № 67 филиал № 5 Департамента здравоохранения города Москвы»,ГБУЗ ГП № 67 филиал № 5 ДЗМ,"Российская Федерация, город Москва, внутригородская территория муниципальный округ Даниловский, Павловская улица, дом 25, строение 20",POINT(37.628694211 55.713137473)
Поликлиника взрослая,Государственное бюджетное учреждение здравоохранения города Москвы «Городская поликлиника № 166 филиал № 1 Департамента здравоохранения города Москвы»,ГБУЗ ГП № 166 филиал № 1 ДЗМ,"город Москва, Ереванская улица, дом 23",POINT(37.676671539 55.629192355)
Поликлиника взрослая,Государственное бюджетное учреждение здравоохранения города Москвы «Городская поликлиника № 68 филиал № 2 Департамента здравоохранения города Москвы»,ГБУЗ ГП № 68 филиал № 2 ДЗМ,"Российская Федерация, город Москва, внутригородская территория муниципальный округ Хамовники, улица Плющиха, дом 42, строение 1",POINT(37.575108431 55.740702492)
Поликлиника взрослая,Государственное бюджетное учреждение здравоохранения города Москвы «Городская поликлиника № 166 Департамента здравоохранения города Москвы»,ГБУЗ ГП № 166 ДЗМ,"Российская Федерация, город Москва, внутригородская территория муниципальный округ Орехово-Борисово Северное, Домодедовская улица, дом 9",POINT(37.708807511 55.612235166)
Поликлиника взрослая,Государственное бюджетное учреждение здравоохранения города Москвы «Городская поликлиника № 6 Департамента здравоохранения города Москвы»,ГБУЗ ГП № 6 ДЗМ,"Российская Федерация, город Москва, внутригородская территория муниципальный округ Тимирязевский, улица Вучетича, дом 7Б",POINT(37.556566875 55.807714327)
Поликлиника взрослая,Государственное бюджетное учреждение здравоохранения города Москвы «Консультативно-диагностический центр № 6 филиал № 2 Департамента здравоохранения города Москвы»,ГБУЗ КДЦ № 6 филиал № 2 ДЗМ,"Российская Федерация, город Москва, внутригородская территория муниципальный округ Бескудниковский, Бескудниковский бульвар, дом 59, строение 1",POINT(37.537935276 55.871060681)
Поликлиника взрослая,Государственное бюджетное учреждение здравоохранения города Москвы «Городская поликлиника № 36 филиал № 2 Департамента здравоохранения города Москвы»,ГБУЗ ГП № 36 филиал № 2 ДЗМ,"город Москва, 3-й квартал Капотня, дом 27",POINT(37.802888083 55.637421536)
Поликлиника взрослая,Государственное бюджетное учреждение здравоохранения города Москвы «Городская поликлиника № 66 филиал № 3 Департамента здравоохранения города Москвы»,ГБУЗ ГП № 66 филиал № 3 ДЗМ,"Российская Федерация, город Москва, внутригородская территория муниципальный округ Косино-Ухтомский, Красносолнечная улица, дом 40А",POINT(37.84667988 55.71598656)
Поликлиника взрослая,Государственное бюджетное учреждение здравоохранения города Москвы «Городская поликлиника № 46 филиал № 3 Департамента здравоохранения города Москвы»,ГБУЗ ГП № 46 филиал № 3 ДЗМ,"Российская Федерация, город Москва, внутригородская территория муниципальный округ Таганский, Воронцовская улица, дом 14, строение 1",POINT(37.65691929 55.737965335)
Поликлиника взрослая,Государственное бюджетное учреждение здравоохранения города Москвы «Городская поликлиника № 170 филиал № 2 Департамента здравоохранения города Москвы»,ГБУЗ ГП № 170 филиал № 2 ДЗМ,"Российская Федерация, город Москва, внутригородская территория муниципальный округ Чертаново Южное, Варшавское шоссе, дом 148, корпус 1",POINT(37.601502712 55.601045334)
Поликлиника взрослая,Государственное бюджетное учреждение здравоохранения города Москвы «Консультативно-диагностический центр № 6 филиал № 4 Департамента здравоохранения города Москвы»,ГБУЗ КДЦ № 6 филиал № 4 ДЗМ,"Российская Федерация, город Москва, внутригородская территория муниципальный округ Бескудниковский, Бескудниковский переулок, дом 5",POINT(37.557494454 55.864023171)
Поликлиника взрослая,Государственное бюджетное учреждение здравоохранения города Москвы «Городская поликлиника № 191 Департамента здравоохранения города Москвы»,ГБУЗ ГП № 191 ДЗМ,"Российская Федерация, город Москва, внутригородская территория муниципальный округ Гольяново, Алтайская улица, дом 13",POINT(37.818005741 55.820690654)
Поликлиника взрослая,Государственное бюджетное учреждение здравоохранения города Москвы «Поликлиника «Троицкая» филиал № 7 Департамента здравоохранения города Москвы»,ГБУЗ Поликлиника «Троицкая» филиал № 7 ДЗМ,"Российская Федерация, город Москва, внутригородская территория муниципальный округ Филимонковский, посёлок Птичное, Лесная улица, дом 86",POINT(37.214773629 55.526510605)
Поликлиника взрослая,Государственное бюджетное учреждение здравоохранения города Москвы «Городская поликлиника № 69 филиал № 3 Департамента здравоохранения города Москвы»,ГБУЗ ГП № 69 филиал № 3 ДЗМ,"Российская Федерация, город Москва, внутригородская территория муниципальный округ Новогиреево, Федеративный проспект, дом 17А",POINT(37.807403334 55.756406972)
Поликлиника взрослая,Государственное бюджетное учреждение здравоохранения города Москвы «Городская поликлиника № 46 филиал № 1 Департамента здравоохранения города Москвы»,ГБУЗ ГП № 46 филиал № 1 ДЗМ,"Российская Федерация, город Москва, внутригородская территория муниципальный округ Басманный, улица Казакова, дом 17А",POINT(37.666283815 55.763728198)
Поликлиника взрослая,Государственное бюджетное учреждение здравоохранения города Москвы «Городская поликлиника № 195 филиал № 2 Департамента здравоохранения города Москвы»,ГБУЗ ГП № 195 филиал № 2 ДЗМ,"Российская Федерация, город Москва, внутригородская территория муниципальный округ Кунцево, Молодогвардейская улица, дом 40, корпус 1",POINT(37.414307623 55.734569216)
Поликлиника взрослая,Государственное бюджетное учреждение здравоохранения города Москвы «Консультативно диагностическая поликлиника № 121 филиал № 6 Департамента здравоохранения города Москвы»,ГБУЗ КДП № 121 филиал № 6 ДЗМ,"Российская Федерация, город Москва, внутригородская территория муниципальный округ Южное Бутово, улица Академика Семёнова, дом 13, корпус 1",POINT(37.507091887 55.541152886)
Поликлиника взрослая,Государственное бюджетное учреждение здравоохранения города Москвы «Городская поликлиника № 64 филиал № 1 Департамента здравоохранения города Москвы»,ГБУЗ ГП № 64 филиал № 1 ДЗМ,"Российская Федерация, город Москва, внутригородская территория муниципальный округ Преображенское, 2-я Пугачёвская улица, дом 8, строение 1",POINT(37.72521286 55.793408394)
Поликлиника взрослая,Государственное бюджетное учреждение здравоохранения города Москвы «Консультативно-диагностический центр № 6 филиал № 6 Департамента здравоохранения города Москвы»,ГБУЗ КДЦ № 6 филиал № 6 ДЗМ,"Российская Федерация, город Москва, внутригородская территория муниципальный округ Восточное Дегунино, Керамический проезд, дом 49Б",POINT(37.564628388 55.874549045)
Поликлиника взрослая,Государственное бюджетное учреждение здравоохранения города Москвы «Городская поликлиника № 67 филиал № 6 Департамента здравоохранения города Москвы»,ГБУЗ ГП № 67 филиал № 6 ДЗМ,"Российская Федерация, город Москва, внутригородская территория муниципальный округ Нагатино-Садовники, улица Академика Миллионщикова, дом 3",POINT(37.652650122 55.672778834)
Поликлиника взрослая,Государственное бюджетное учреждение здравоохранения города Москвы «Городская поликлиника № 109 филиал № 5 Департамента здравоохранения города Москвы»,ГБУЗ ГП № 109 филиал № 5 ДЗМ,"Российская Федерация, город Москва, внутригородская территория муниципальный округ Люблино, Армавирская улица, дом 2/20",POINT(37.753224671 55.675963234)
Поликлиника взрослая,Государственное бюджетное учреждение здравоохранения города Москвы «Городская поликлиника № 45 филиал № 5 Департамента здравоохранения города Москвы»,ГБУЗ ГП № 45 филиал № 5 ДЗМ,"Российская Федерация, город Москва, внутригородская территория муниципальный округ Ховрино, Флотская улица, дом 9, строение 1",POINT(37.501063911 55.854552877)
Поликлиника взрослая,Государственное бюджетное учреждение здравоохранения города Москвы «Городская поликлиника № 115 филиал № 2 Департамента здравоохранения города Москвы»,ГБУЗ ГП № 115 филиал № 2 ДЗМ,"Российская Федерация, город Москва, внутригородская территория муниципальный округ Хорошево-Мневники, проспект Маршала Жукова, дом 64, корпус 1",POINT(37.457788568 55.778924843)
Поликлиника взрослая,Государственное бюджетное учреждение здравоохранения города Москвы «Городская поликлиника № 109 филиал № 3 Департамента здравоохранения города Москвы»,ГБУЗ ГП № 109 филиал № 3 ДЗМ,"Российская Федерация, город Москва, внутригородская территория муниципальный округ Южнопортовый, улица Трофимова, дом 26, строение 8",POINT(37.681219942 55.70212736)
Поликлиника взрослая,Государственное бюджетное учреждение здравоохранения города Москвы «Городская поликлиника № 212 филиал № 197 Департамента здравоохранения города Москвы»,ГБУЗ ГП № 212 филиал № 197 ДЗМ,"Российская Федерация, город Москва, внутригородская территория муниципальный округ Ново-Переделкино, Новоорловская улица, дом 4",POINT(37.364829695 55.638335966)
Поликлиника взрослая,Государственное бюджетное учреждение здравоохранения города Москвы «Городская поликлиника № 212 филиал № 70 Департамента здравоохранения города Москвы»,ГБУЗ ГП № 212 филиал № 70 ДЗМ,"город Москва, улица Скульптора Мухиной, дом 14",POINT(37.340181585 55.63888171)
Поликлиника взрослая,Государственное бюджетное учреждение здравоохранения города Москвы «Городская поликлиника № 36 филиал № 3 Департамента здравоохранения города Москвы»,ГБУЗ ГП № 36 филиал № 3 ДЗМ,"Российская Федерация, город Москва, внутригородская территория муниципальный округ Марьино, Перервинский бульвар, дом 4, корпус 2",POINT(37.762730984 55.662029442)
Поликлиника взрослая,Государственное бюджетное учреждение здравоохранения города Москвы «Городская поликлиника № 62 филиал № 2 Департамента здравоохранения города Москвы»,ГБУЗ ГП № 62 филиал № 2 ДЗМ,"Российская Федерация, город Москва, внутригородская территория муниципальный округ Хорошево-Мневники, улица Демьяна Бедного, дом 8",POINT(37.488071228 55.772150043)
Поликлиника взрослая,Государственное бюджетное учреждение здравоохранения города Москвы «Поликлиника «Троицкая» филиал № 5 Департамента здравоохранения города Москвы»,ГБУЗ Поликлиника «Троицкая» филиал № 5 ДЗМ,"Российская Федерация, город Москва, внутригородская территория муниципальный округ Вороново, посёлок ЛМС, микрорайон &quot;Центральный&quot;, дом 25А, строение 1",POINT(37.181572767 55.31865622)
Поликлиника взрослая,Государственное бюджетное учреждение здравоохранения города Москвы «Поликлиника «Троицкая» филиал № 1 - Ватутинская поликлиника Департамента здравоохранения города Москвы» . Взрослое поликлиническое отделение,ГБУЗ Поликлиника «Троицкая» филиал № 1 Ватутинская поликлиника ДЗМ. Взрослое поликлиническое отделение,"Российская Федерация, город Москва, внутригородская территория городской округ Троицк, Нововатутинский проспект, дом 12А",POINT(37.35120187 55.519756607)
Поликлиника взрослая,Государственное бюджетное учреждение здравоохранения города Москвы «Городская поликлиника № 12 филиал № 3 Департамента здравоохранения города Москвы»,ГБУЗ ГП № 12 филиал № 3 ДЗМ,"Российская Федерация, город Москва, внутригородская территория муниципальный округ Останкинский, улица Бочкова, дом 5, корпус 3",POINT(37.631597163 55.809553419)
Поликлиника взрослая,Государственное бюджетное учреждение здравоохранения города Москвы «Городская поликлиника № 2 филиал № 5 Департамента здравоохранения города Москвы»,ГБУЗ ГП № 2 филиал № 5 ДЗМ,"Российская Федерация, город Москва, внутригородская территория муниципальный округ Зюзино, Азовская улица, дом 20, корпус 1",POINT(37.597741147 55.65531941)
Поликлиника взрослая,Государственное бюджетное учреждение здравоохранения города Москвы «Диагностический центр № 3 филиал № 3 Департамента здравоохранения города Москвы»,ГБУЗ ДЦ № 3 филиал № 3 ДЗМ,"Российская Федерация, город Москва, внутригородская территория муниципальный округ Рязанский, улица Вострухина, дом 5",POINT(37.797359063 55.719614643)
Поликлиника взрослая,Государственное бюджетное учреждение здравоохранения города Москвы «Городская поликлиника № 218 филиал № 5 Департамента здравоохранения города Москвы»,ГБУЗ ГП № 218 филиал № 5 ДЗМ,"Российская Федерация, город Москва, внутригородская территория муниципальный округ Ярославский, улица Ротерта, дом 12",POINT(37.726026089 55.877142751)
Поликлиника взрослая,Государственное бюджетное учреждение здравоохранения города Москвы «Городская поликлиника № 2 филиал № 1 Департамента здравоохранения города Москвы»,ГБУЗ ГП № 2 филиал № 1 ДЗМ,"Российская Федерация, город Москва, внутригородская территория муниципальный округ Чертаново Северное, Чертановская улица, дом 14",POINT(37.59732205 55.62964177)
Поликлиника взрослая,Государственное бюджетное учреждение здравоохранения города Москвы «Поликлиника «Кузнечики» Департамента здравоохранения города Москвы. Амбулатория Ерино,ГБУЗ Поликлиника «Кузнечики» ДЗМ. Амбулатория Ерино,"Российская Федерация, город Москва, внутригородская территория муниципальный округ Щербинка, посёлок Ерино, дом 1А",POINT(37.510109332 55.448845368)
Поликлиника взрослая,Государственное бюджетное учреждение здравоохранения города Москвы «Городская поликлиника № 69 филиал № 4 Департамента здравоохранения города Москвы»,ГБУЗ ГП № 69 филиал № 4 ДЗМ,"Российская Федерация, город Москва, внутригородская территория муниципальный округ Ивановское, улица Молостовых, дом 7А",POINT(37.833001021 55.760398414)
Поликлиника взрослая,Государственное бюджетное учреждение здравоохранения города Москвы «Городская поликлиника № 218 филиал № 2 Департамента здравоохранения города Москвы»,ГБУЗ ГП № 218 филиал № 2 ДЗМ,"Российская Федерация, город Москва, внутригородская территория муниципальный округ Ярославский, Лосевская улица, дом 2",POINT(37.710229625 55.872419773)
Поликлиника взрослая,Государственное бюджетное учреждение здравоохранения города Москвы «Городская поликлиника № 22 филиал № 2 Департамента здравоохранения города Москвы»,ГБУЗ ГП № 22 филиал № 2 ДЗМ,"город Москва, улица Дмитрия Ульянова, дом 25",POINT(37.57995584 55.686170965)
Поликлиника взрослая,Государственное бюджетное учреждение здравоохранения города Москвы «Городская поликлиника № 5 филиал № 1 Департамента здравоохранения города Москвы»,ГБУЗ ГП № 5 филиал № 1 ДЗМ,"Российская Федерация, город Москва, внутригородская территория муниципальный округ Пресненский, Большая Бронная улица, дом 3",POINT(37.597470883 55.760488963)
Поликлиника взрослая,Государственное бюджетное учреждение здравоохранения города Москвы «Городская поликлиника № 191 филиал № 4 Департамента здравоохранения города Москвы»,ГБУЗ ГП № 191 филиал № 4 ДЗМ,"город Москва, Амурская улица, дом 36",POINT(37.779775051 55.812500869)
Поликлиника взрослая,Государственное бюджетное учреждение здравоохранения города Москвы «Городская поликлиника № 219 филиал № 1 Департамента здравоохранения города Москвы»,ГБУЗ ГП № 219 филиал № 1 ДЗМ,"Российская Федерация, город Москва, внутригородская территория муниципальный округ Северное Тушино, улица Вилиса Лациса, дом 23, корпус 2",POINT(37.422337258 55.862016728)
Поликлиника взрослая,Государственное бюджетное учреждение здравоохранения города Москвы «Поликлиника г. Московский филиал № 2 Департамента здравоохранения города Москвы»,ГБУЗ Поликлиника г. Московский филиал № 2 ДЗМ,"Российская Федерация, город Москва, внутригородская территория муниципальный округ Внуково, посёлок Совхоза &quot;Крёкшино&quot;, дом 18А",POINT(37.107805432 55.593596243)
Поликлиника взрослая,Государственное бюджетное учреждение здравоохранения города Москвы «Диагностический центр № 5 с поликлиническим отделением филиал № 4 Департамента здравоохранения города Москвы»,ГБУЗ ДЦ № 5 филиал № 4 ДЗМ,"Российская Федерация, город Москва, внутригородская территория муниципальный округ Бибирево, улица Корнейчука, дом 28",POINT(37.618357085 55.899322602)
Поликлиника взрослая,Государственное бюджетное учреждение здравоохранения города Москвы «Городская поликлиника № 108 филиал № 3 Департамента здравоохранения города Москвы»,ГБУЗ ГП № 108 филиал № 3 ДЗМ,"Российская Федерация, город Москва, внутригородская территория муниципальный округ Западное Дегунино, Ангарская улица, дом 24",POINT(37.518695203 55.876605076)
Поликлиника взрослая,Государственное бюджетное учреждение здравоохранения города Москвы «Городская поликлиника № 108 филиал № 4 Департамента здравоохранения города Москвы»,ГБУЗ ГП № 108 филиал № 4 ДЗМ,"Российская Федерация, город Москва, внутригородская территория муниципальный округ Западное Дегунино, улица Маршала Федоренко, дом 6, строение 1",POINT(37.492503974 55.879968415)
Поликлиника взрослая,Государственное бюджетное учреждение здравоохранения города Москвы «Городская поликлиника № 108 филиал № 1 Департамента здравоохранения города Москвы»,ГБУЗ ГП № 108 филиал № 1 ДЗМ,"Российская Федерация, город Москва, внутригородская территория муниципальный округ Ховрино, Петрозаводская улица, дом 26",POINT(37.49235591 55.86803059)
Поликлиника взрослая,Государственное бюджетное учреждение здравоохранения города Москвы «Городская поликлиника № 108 филиал № 2 Департамента здравоохранения города Москвы»,ГБУЗ ГП № 108 филиал № 2 ДЗМ,"Российская Федерация, город Москва, внутригородская территория муниципальный округ Куркино, Родионовская улица, дом 10, корпус 2",POINT(37.391204873 55.893973968)
Поликлиника взрослая,Государственное бюджетное учреждение здравоохранения города Москвы «Городская поликлиника № 108 Департамента здравоохранения города Москвы»,ГБУЗ ГП № 108 ДЗМ,"Российская Федерация, город Москва, внутригородская территория муниципальный округ Левобережный, Смольная улица, дом 53",POINT(37.47343178 55.867132313)
